연번,업체명,업체주소,연락처
1,늘채움,전북 전주시 덕진구 덕진연못3길 6,
2,대림동삼거리먼지막순대국,서울 영등포구 시흥대로 185길 11,
3,만석장,서울 은평구 대서문길 43-10 2층,
4,선천집,서울 종로구 인사동  14길5,
5,스미센,대구 동구 동부로30길 15,
6,와우,"서울 마포구 와우산로37길 11, 1층(동교동)",
7,정우상사,"서울 종로구 창경궁로 109, 1043호",
8,제일스포츠,전북 정읍시 중앙로 83,
9,㈜백년가게국제의료기,대구 달서구 성당로 273,
10,진미양념통닭,강원 원주 우산로 66,
11,탑외국어사(이엘티존),전북 전주시 완산구 화산천변로 9 102호,
12,협신전자,부산 부산진구 전포대로 223번길 16,
13,형제상회,서울 은평구 서오릉로 254-3,
14,화성갈비,경남 창원시 마산합포구 오동서7길 38,
15,백초당한약방,대구 중구 장관동 55,
16,부산복집,서울 중구 수표로2길 25,
17,불로식당,경남 창원시 마산합포구 동성동 153,
18,쉐라미,부산 사하구 낙동대로 238,
19,옥수굴비,전남 영광군 법성 459,
20,외바우,경북 경주시 안강읍 산대리 2402-6,
21,장군식당,서울시 노원구 월계동 51-6호(화랑로 43가길 27),
22,청신한약방,대구 중구 남성로 16-1,
23,하나로회관,서울 종로구 인사동5길25,
24,향원복집,제주 서귀포시 부두로43,
25,공원당,충북 청주시 상당구 상당로 55번길 40-2,
26,대동관,충북 청주시 청원구 내수로 733,
27,동래할매파전,부산 동래구 명륜로 94번길 43-10,
28,재건갈비,충북 청주시 서원구 청남로 2104,
29,제천식육점,"충북 제천시 중앙로1가74 중앙시장 지하 14,16",
30,철원막국수,강원 철원군 갈말읍 명성로 158번길 13,
31,나드리,경북 영주시 중앙로 89,
32,남주동해장국,충북 청주시 상당구 무심동로304번길 10(남주동),
33,동승춘,강원 삼척시 대학로 12,
34,동신위생도기,대전 대덕구 비래동 119-1,
35,딴뚝통나무집식당,충남 태안군 안면읍 조운막터길 23-22,
36,민들레,광주 서구 상무평화로 137(치평동),
37,신화당분식,청주시 상당구 대성로22번길 5-1(석교동),
38,언양한우불고기,울산 울주군 언양읍 서부리 58-3,
39,진주회관본관,"충남 천안시 서북구 성환읍 성환11길 15, 1층",
40,큰댁,충남 천안시 서북구 서정중4길 30,
41,한도안전상사,대전 대덕구 오정동 78-2,
42,(신)대원옥,"경기 수원 팔달구 정조로800번길 6-3, 1층",
43,77돌곱창,부산 사상구 괘감로 98(감전동),
44,고려화문석,"인천 강화군 강화읍 중앙로 17-9, 풍물시장 2층 2086호",
45,금메달,전남 목포시 후광대로 143번길 8,
46,금수장장어구이,충북 청주시 서원구 현도면 청남로 16,
47,금화상회,"경기 수원 팔달구 수원천로255번길 6, 영동시장 17",
48,단골집,충북 진천군 초평면 초평로 1053,
49,대한서림,전북 익산시 익산대로16길 26,
50,동신명가,서울 서초구 반포대로28길 31(서초동) 1층 석천빌딩,
51,동아서점,강원 속초시 수복로 108,
52,"동아의료보조기,보청기",경북 안동시 서동문로 68-1,
53,메바우명가춘천막국수,강원 춘천시 당간지주길 76,
54,부영선지국,인천 미추홀구 장천로 14번길 20,
55,새만포면옥,"서울 은평구 연서로 171(갈현동. 동연빌딩 1,2층)",
56,송애집,충북 진천군 초평면 초평로 1053-5,
57,신안촌,서울 종로구 사직로 12길8,
58,주식회사 안일옥,경기 안성시 중앙로 411번길 20(영동),
59,알미골,"인천 강화군 강화읍 강화대로 334(199-7,8)",
60,영빈관,"충북 음성군 음성읍 시장로115번길 5,112호",
61,일송면옥,부산 금정구 부곡로 141번길 6,
62,주식회사 경덕농수산,"전남 순천시 역전장1길 53, 2층",
63,죽도집,부산 기장군 기장읍 연화리 112 15/1,
64,지동관,경기 의정부시 의정부동 196-14,
65,진미식당,전북 익산시 황등면 황등로158,
66,창성옥,서울 용산구 새창로 124-10,
67,청해진,"서울 강동구 강동대로 187,102호(성내동, 파크뷰캐슬)",
68,큰마을영양굴밥,충남 서산시 부석면 간월도 1길 65,
69,풍미통닭,전남 순천시 성남뒷길3,
70,한국밸브상사,"부산 영도구 대평로 16, 상가 1동 4호(대평동1가, 대동대교아파트)",
71,함흥냉면옥,강원 속초시 청초호반로 299,
72,88완당집,"부산 해운대구 윗반송로31번길 113-17(반송동, 외 2필지)",
73,개미집 본점,부산 중구 중구로30번길 20-2(신창동1가),
74,경동수산,경북 포항시 북구 죽도시장13길 7-2,
75,구백식당,전남 여수시 여객선터미널길 18,
76,남문소리사,전북 전주시 완산구 풍남문1길 19,
77,남한산성은행나무집,경기 광주시 남한산성면 남한산성로 772,
78,뉴욕제과,강원 속초시 교동로 19(교동),
79,도지골등나무집,강원 춘천시 신북읍 상천3길 2,
80,동양직물,"서울 종로구 창경궁로 88(예지동, 마구)",
81,마방(마일드치킨),충남 서산시 번화1로 41-1(동문동),
82,무진장갈비촌,전북 익산시 선화로 31길58,
83,미진과자점,경남 창원시 진해구 충장로130(충무동),
84,밀밭베이커리,대구 중구 국채보상로 602-1,
85,보곡당,경남 진해시 화천동 49,
86,복서울해장국,충북 충주시 관아1길 16(성내동),
87,삼화정,인천 남동구 간석동 176-5,
88,선동보리밥,"서울 성북구 성북로 134-4, 1층(성북동)",
89,성충문구(상사),충북 충주시 금봉대로 429(안림동),
90,신미당,대전 유성구 원내동 227-7,
91,신토불이,전북 전주시 덕진구 명륜4길 25,
92,신포순대 신포시장본점,인천 중구 제물량로 166번길 33 (신포동 1층),
93,신흥장어,전남 나주시 다시면 구진포로 58,
94,예산안경원,충남 예산군 예산읍 예산로 176번길 16,
95,온천입구 기장곰장어,부산 동래구 명륜로 270(명륜동),
96,이방식당,경남 창녕군 이방면 옥야길1,
97,장안면옥,경기 안성시 중앙로 371번길 54,
98,주식회사 정일품보석,대구 중구 동성로 72,
99,중앙집,경남 진주시 동성동 212-4(1층),
100,진해제과,경남 창원시 진해구 중원로43번길 4(광화동),
101,초평정육점,충북 진천군 진천읍 중앙동7길 1,
102,한국진열대산업사,대전 대덕구 오정로 96(오정동),
103,함흥냉면,인천 부평구 시장로 20번길 21,
104,형제돌구이,대전 유성구 계룡로 52번길 14,
105,형제상회,서울 양천구 목동 614-1,
106,3대 원조 할매추어탕,전북 남원시 요천로 1467(쌍교동),
107,고복수냉면,경기 평택시 조개터로 1번길  71(합정동),
108,남들갈비,충북 청주시 서원구 청남로 2133번길 8(모충동),
109,노송식당,충북 제천시 내토로43길 5(화산동),
110,대동강,대구 남구 대봉로57-1 (봉덕동),
111,대장군식당,충북 충주시 수안보면 미륵송계로 105,
112,덕포식육점,부산 기장군 기장읍 차성동로154번길 2 (교리),
113,덕화상회,경북 영주시 하망동 364-68,
114,돈비어천가,인천 중구 내동 203-11,
115,매향상사,경기 수원시 팔달구 수원천로 313(남수동),
116,원주복추어탕,강원 원주시 치악로 1748(개운동),
117,산호식당,대구 중구 동인동1가 298-9,
118,삼미족발,충북 청주시 청원구 향군로35(우암동 347-3),
119,상남슈퍼마켓,강원 인제군 상남면 상남리,
120,시골집,강원 원주시 중평길 10-1(중앙동),
121,신촌매운탕,전북 남원시 원천로 27-8(신촌동),
122,쌍용반점,전북 군산시 내항2길 121(금동),
123,에펠제화,전남 장흥군 장흥읍 건산리 720-123,
124,운정식당,전북 군산시 중정길 8-2(개복동),
125,은정갈비,충남 아산시 온궁로 5,
126,이천용인닭발본점(이천용닭),경기 이천시 중리천로21번길 10-11 ,
127,일미해장국,충북 옥천군 옥천읍 금장로 105,
128,전동집,"인천 연수구 앵고개로 103번길 25, 2층(동춘동)",
129,전주식당,전남 함평군 함평읍 신기산길 22,
130,정화네하우스,대구 북구 칠성남로 216 (칠성동1가),
131,진미옥설농탕,"서울 송파구 가락로16길 3-12, 1층 107호(석촌동, 성창빌딩)",
132,금정산성 창녕집,부산 금정구 금성동 876,
133,한우건축자재,"충북 청주시 상당구 남사로 84번길 29, 1층(남주동)",
134,호남종묘사,전남 강진군 마량면 마량리 987-71번지,
135,강전사,광주 서구 천변좌로 302-1,
136,거구장갈비,경남 통영시 동충2길 22-3(항남동),
137,경복궁식당,경북 김천시 대항면 황학동길 11-8,
138,광명반점,대구 북구 칠성로 70-1,
139,금강식당,충북 단양군 영춘면 구인사로 1072,
140,남창문구사,인천 부평구 부평대로32번길 13,
141,대구갈비,경북 경주시 북정로 5,
142,대동할매국수,경남 김해시 대동면 동남로45번길 8,
143,대원상회전통간고등어,경북 안동시 옥야동 334-3,
144,대일정,전북 정읍시 태인면 대성리 483-5,
145,대호정,서울 금천구 시행대로 52길 51(시흥동),
146,대흥상회,강원 평창군 봉평면 동이장터길 14-1,
147,동원가든,충북 제천시 봉양읍 제원로10길 55,
148,리정식당,충북 청주시 청원구 우암로 71-1(내덕동),
149,만물수산,"경북 영천시 시장로 73, 제 4지구 111, 116호",
150,물망초식당,전남 여수시 충무동 485-3,
151,미락복집,"경기 성남시 분당구 구미로9번길 25, 108호",
152,발안건재,경기 화성시 향남읍 배터길 26-4,
153,보문각,강원 춘천시 약사고개길 42(약사동),
154,복화루,"인천 부평구 부평대로32번길 16, 1층 A호 101호",
155,봉암식당,경기 안양시 만안구 예술공원로 245번길 15,
156,부창식육점,부산 사하구 하단동 487-6,
157,삼보식육점,"충남 서산시 동문동 900 서산동부재래시장 1층 8, 23호 B동",
158,서울식당,충북 괴산군 괴산읍 읍내로 283-1,
159,성천막국수,"서울 동대무 답십리로 48나길 2, 1층(답십리동)",
160,아이러브뮤직,부산 중구 구덕로 66-1(남포동5가),
161,아이클럽,부산 중구 중구로48번길 8(신창동4가),
162,용방앗간,인천 부평구 부평대로 40번길 3,
163,월성,경북 포항시 남구 오천읍 철강로 663,
164,유락식당,전북 군산시 해망로 146-25,
165,이화회집,경기 화성시 우정읍 이화5리 매화길 2,
166,조선옥갈비,강원 태백시 시장북2길 5-1,
167,참깨국수,대구 수성구 무학로31길 55 1층,
168,청림건재사,경북 포항시 남구 동해안로 5986,
169,축산본점식육식당,경북 영주시 번영로 173번길 10,
170,춘포상회,전북 익산시 인북로8길 19-2,
171,태백식육점,강원 태백시 황지동 38-217,
172,평남식당,경북 포항시 북구 죽도시장3길 9-10,
173,하동복집,"경남 진주시 중앙시장길 29-5(대안동, 171,172 중앙시장 3구 98,99,100)",
174,한국의상 현필원,충남 예산군 예산읍 임성로 7,
175,함흥막국수,강원 속초시 중앙로54번길 3(교동),
176,해태식당,전남 강진군 강진읍 서성안길 6,
177,햇님제과점,대구 중구 달구벌대로389길 70,
178,호동식당,경남 통영 서호 177-102,
179,화정소바,경남 의령군 의령읍 의병로 18번길 9-3,
180,황산옥,충남 논산시 강경읍 금백로 34,
181,갑오상회,경기 의정부시 의정부동160 제일상가동 14호~15호,
182,거북이안경,광주 동구 충장로 33-1(충장로 5가),
183,경방루,전북 남원시 광한북로 29(금동),
184,고궁삼계탕,울산 남구 돋질로 180(달동),
185,고려분식,경북 상주시 중앙시장길 26(남성동),
186,고려회관,"대전 중구 중앙로109번길 30, 2층",
187,고심통숯불갈비육전선지국,"경남 하동군 하동읍 시장1길 20, 1층(시장상설점포 382,383,394,385)호)",
188,고후나비,"서울 중구 남대문시장8길 16, 1층(남창동, 포키아동복 35,36호)",
189,구옹진식당,충남 서산시 번화2로 8-2,
190,굴다리식품,충남 아산시 시민로 357,
191,극동제과점,대전 중구 충무로 73,
192,금호,광주 광산구 어등대로 665번길 3(소촌동),
193,꽃담,광주 동구 금남로 193-7 1층,
194,나루터식당,충남 부여군 부여읍 구교리 7,
195,대남통닭,"경북 경주시 금성로 295, 3동 1호(성건동, 중앙시장)",
196,대문점,서울 영등포구 영증로10길 30(영등포동3가),
197,대창,"대구 북구 고성로28길(고성동2가, 51)",
198,대풍옥,인천 강화군 교동면 대룡안길 54번길 28,
199,돌고래식당,부산 부산진구 서전로10번길 31-9(부전동),
200,동아실크,광주 동구 충장로 39(충장로 5가),
201,동원건어물,강원 강릉시 금성로 21(성남동),
202,동해순대국집,강원 속초시 중앙로 129번길 35-17(금호동),
203,마라톤집,부산 부산진구 가야대로784번길 54(부전동),
204,매일회관,전북 김제시 남북로 140,
205,명랑식당,대전 동구 태전로 56-20,
206,문창그릇백화점,대전 중구 문창로10번길 32,
207,미도상사,"서울 동대문구 황물로15나길 2, 1층(답십리동)",
208,민부곤과자점,"서울 노원구 한글비석로 474, 157호(상계동, 보람상가)",
209,밀로베이커리,"경남 창원시 성산구 마디미로21번길 11, 106호(상남동, 로데오 월드상가 1층)",
210,백제가든,전북 익산시 선화로 65길 34-10,
211,별천지,대전 동구 산서로1659번길 29,
212,보은집,충남 논산시 연무읍 감바위로 30번길 6,
213,부일식당,인천 부평구 경원대로 1270 (부평동),
214,삼원일식,"서울 서대문구 통일로9안길 32, 2층(충정로2가)",
215,서울갈비식당,경북 안동시 동부동 136-3,
216,석양집,"서울 마포구 토정로35길 12(용강동, 제이동 제지하층 8호, 9호)",
217,성미당,전북 전주시 완산구 전라감영 5길 19-9,
218,송어의집,강원 평창군 평창읍 아랫상리길 19-4,
219,수덕신발,경기 의정부시 태평로73번길 20 가동48호,
220,수향,경남 통영시 항남3길 29(항남동),
221,신가네 정읍국밥 본점,전북 정읍시 수성5로 17(수성동),
222,신광주방,충북 충주시 무학4길 15,
223,신라식당,충북 보은군 보은읍 교사삼산길 40,
224,엘지슈퍼,경기 부천시 조종로 74 (원미동),
225,영광종묘농약사,경기 고양시 덕양구 삼송로205번길 30-9(삼송동),
226,용두식당,"경북 김청시 아랫장터길 1(용두동, 135-5)",
227,장모육계유통,경남 창원시 마산회원구 내서읍 광려천남로 75,
228,조명옥꽃방,전남 해남군 성내리 41-3,
229,중앙서점,"전남 순천시 연향상가 5길 7, 3층(연향동)",
230,진주당 ,부산 동래구 명륜로103번길 2(명륜동),
231,진해식당,경북 울진군 죽변면 죽변중앙로 160-25,
232,충남왕족발,충남 예산군 예산읍 사직로 25,
233,태화루,"경남 밀양시 북성로 59, 1,2층(내이동)",
234,털보아구탕,"경기 안산시 단원구 원초로 34 (원곡동, 남양상가)",
235,풍기삼계탕,경북 영주시 중앙로 130(하망동),
236,풍년식당,전남 목포시 해안로 249번길 30-1,
237,한국식당,전남 광양시 광양읍 매일시장길 48,
238,한벽집,전북 전주시 완산구 교동 2-9,
239,한일식당,전북 익산시 황등면 황등로 106,
240,현대물텀벙이,인천 동구 샛골로 140 (송림동),
241,홍능갈비,서울 도봉구 도봉로 157길 16 (도봉동),
242,화성식육식당,전남 화순군 화순읍 칠중로 151,
243,강남횟집,"울산 남구 삼산로77번길 18, 104호(달동, 강남맨션상가)",
244,고성곱창,경남 통영시 무전3길 11-9(무전동),
245,극동청과,서울 영등포구 당산동1가 85,
246,이인순 남일꼼장어,부산 영도구 절영로13번길 70(영선도 1가),
247,단골통닭,충남 공주시 산성동 182,
248,대방회집,"서울 동작구 여의대방로 134-1 (대방동, 1층)",
249,대성식당,전남 여수시 교동남1길 5-9,
250,동강오리,"서울 중랑구 용마산로115길 10 (망우동, 1층)",
251,두꺼비집,경기 안산시 단원구 원고잔로 15 (고잔동),
252,뚱보냉면,서울 중구 퇴계로 27 14(필동1가),
253,김해만두 만리향,경남 김해시 분성로335번길 4(동상동),
254,벙글벙글찜갈비,대구 중구 동덕로36길 9-12(동인동1가),
255,부일곱창,경기 부천시 계남로 304(중동),
256,부일횟집,경남 거제시 장승포로 101(장승포동),
257,산울림식당,충남 공주시 계룡면 갑사로 476-10,
258,삼원슈퍼,서울 동작구 상도로22길 37 (상도동),
259,새서울정육점,"경기 광명시 광이로13번길 11, 1층",
260,송극,광주 광산구 광산로 19번길 10(송정동),
261,신사동족발,울산 중구 번영로 546(반구동),
262,아씨주단,광주 동구 충장로 50-1(충장로4가),
263,우정식당,경남 양산시 상북면 삼계2길 33,
264,일미장어,서울 용산구 후암로 57길 35-15(동자동),
265,장원보쌈족발 유한회사,서울 강동구 구천면로 196 102호 (천호동),
266,짱구분식,"제주 제주시 연동8길 28, 9호(연동)",
267,충주상회,서울 영등포구 영등포로45길 16-1 (영등포동2가),
268,역전통닭(닭사무소),"전남 순천시 역전장길 9, 7호(덕암동, 역전시장)",
269,판문점,"경남 마산시 오동동 23-19,23-27",
270,폭포수식당,경기 안양시 만안구 석수동 850-3 ,
271,한길안경원,경남 고성군 고성읍 동외로 156,
272,할매횟집,경남 창녕군 남지읍 선창길 17,
273,함흥보쌈,부산 영도구 남항로 42(영선동2가),
274,황산냉면,서울 송파구 가락로 257(방이동),
275,흐르는물,"인천광역시 중구 우현로39번길 19, 2층(신포동)",
276,1번가,"울산 남구 월평로 175, 1층(신정동)",
277,가선식당,충북 영동군 양산면 금강로 760(음식점),
278,강원밀봉원,강원 원주시 원문로 1(학성동),
279,건계정,경남 거창군 거창읍 거안로 1173-21,
280,궁전관,광주 남구 신만산길 66(원산동),
281,김영숙헤어스쿨,울산 중구 학성1길 45(학성동),
282,대경사,경남 창원시 마산합포구 3.15대로 426-2(상남동),
283,대한체육사,전북 익산시 인북로 151(남중동),
284,도일처,서울 강서구 개화동로 567(방화동),
285,동양고무상회,충북 영동군 영동읍 영동시장3길 20-1,
286,동양한지,"서울 종로구 인사동4길 7, 1,2층(인사동)",
287,또와유식당,충북 음성군 금왕읍 무극로308번길 6-1(외2필지),
288,마당숯불갈비,경북 영주시 번영로173번길 7(영주동),
289,마포설렁탕,경기 수원시 팔달구 인계로101번길 11(인계동),
290,명동감자탕,경북 영주시 중앙로106번길 8(하망동),
291,문우당서림,"강원 속초시 중앙로 45(교동, 658-29)",
292,문화서점,충남 아산시 온화로 115-1(용화동),
293,방자네 (산골물),서울 종로구 인사동16길 8-1(관훈동),
294,부산제과,경남 창원시 성산구 반송로 148-18(반림동),
295,샛별초가집식당,경남 거창군 거창읍 시장1길 9,
296,서울깍두기,"경기 안산시 단원구 광덕서로 56(고잔동, 109~110호)",
297,선경이불주단,울산 중구 중앙시장1길 9(옥교동),
298,성안식당,제주 제주시 애월읍 애월로11길 5,
299,세모한복,"인천 미추홀구 미추홀대로 715, 1층 102호(주안동)",
300,숯골원냉면,대전 유성구 신성로84번길 18(신성동),
301,신세대미용실,"경남 양산시 신기서길 18, 상가동 106호(신기동, 대동서안한마음타운)",
302,신화당,충북 보은군 보은읍 삼산로 27-1,
303,안심식당,경북 칠곡군 동명면 송림길 101,
304,영화장,서울 동대문구 휘경로 3-8(이문동),
305,옛장터숯불갈비,충북 옥천군 이원면 이원로 809,
306,월드헤어쇼미용실,"서울 강동구 올림픽로 805(암사동, 명문빌딩)",
307,유구식당,충남 공주시 유구읍 시장길 33-4,
308,이은헤어센스,"광주 북구 우치로 120-1, 2층(용봉동)",
309,인하찹쌀순대,경기 부천시 심곡로34번길 43(송내동),
310,일력,전북 정읍시 수성동 중앙1길 63(수성동),
311,장미칼국수,전북 군산시 큰샘길 26(죽성동),
312,장흥회관,경기 이천시 중리천로 8-1(중리동),
313,제일안경원,"경기 안산시 단원구 선이로 14, 1130호(선부동, 안산제1종합시장)",
314,㈜동방파스텍,경기 양주시 백석읍 권율로1203번길 39-31,
315,주식회사오뎅식당,경기 의정부시 호국로1309번길 7(의정부동),
316,㈜청탑포토,경남 진주시 진주성로 31-1(인사동),
317,주식회사 통나무집닭갈비,강원 춘천시 신북읍 신샘발로 763,
318,주식회사 화월당,"전남 순천시 중앙로 90-1(남내동,(1층))",
319,중앙당,충북 청주시 상당구 사직대로361번길 41-2(영동),
320,진주팜농약,경남 진주시 진양호로 556(동성동),
321,창원푸드,경남 창원시 마산합포구 어시장7길 126(동성동),
322,천일서점,강원 동해시 천곡로 59(천곡동),
323,청천영농조합법인,충남 보령시 대천로 273(죽정동),
324,초당할머니순두부,강원 강릉시 초당순두부길 77(초당동),
325,초리골초계탕,경기 파주시 법원읍 초리골길 110,
326,최동순베이커리,"인천 미추홀구 소성로 120, 101호(학익동, 동아풍림상가)",
327,주식회사 충주건축자재 (ChungJu construction Inc.),경북 포항시 남구 포스코대로 420-1(해도동),
328,태극당,서울 중구 동호로24길 7(장충동2가),
329,팔팔순대국,"강원 속초시 중앙로129번길 35-13, 1~2층(금호동)",
330,한우일번가충북진미점,"충북 단양군 단양읍 별곡7길 12, 112호",
331,한일당,부산 금정구 서부로 21-1(서동),
332,한일식당,충남 예산군 삽교읍 삽교역로 58,
333,할매설렁탕,경기 안성시 중앙로 480(봉산동),
334,함흥냉면,"서울 영등포구 영등포로 42길 6, 1층(영등포동 3가)",
335,홍림토탈인테리어,부산 남구 못골로 66-1(대연동),
336,홍철수테일러,부산 중구 중앙대로 43(중앙동5가),
337,화산축산,전북 전주시 완산구 마당제4길 24(중노송동),
338,스마일호스텔,강원 속초시 청봉로5길 5-9(설악동),
339,일미닭강정 주식회사,"강원 영월군 영월읍 서부시장길 15, 1호",
340,동광식당,강원 정선군 정선읍 녹송1길 27,
341,원주일미통닭,강원 춘천시 서부대성로 140-2(운교동),
342,샘밭막국수,강원 춘천시 신북읍 신샘밭로 644,
343,원조남부막국수,강원 춘천시 춘천로 56(효자동),
344,옛골,강원 평창군 봉평면 메밀꽃길 7,
345,쓰리에이안경,"경기 수원시 경수대로302번길 29, 1층 104-1호, 104-2호(권선동, 삼성아파트상가)",
346,화성기름집,"경기 성남시 중원구 둔촌대로69번길 8, 166(성남동)",
347,대성기름집,경기 성남시 중원구 둔촌대로83번길 7(성남동),
348,성경기름집,경기 성남시 중원구 성남대로1139번길 6(성남동),
349,할리바버샵,"경기 수원시 권선구 금곡로 236, 3층 X12,YE호(금곡동, 홈플러스 서수원점)",
350,정숙희미용실,"경기 안양시 만안구 안양로332(안양동, 2층)",
351,원조어부집,경기 파주시 파평면 장승배기로 366번길 15,
352,할머니집,경기 오산시 오산로300번길 3(오산동),
353,대성보세,"경남 거창군 거창읍 중앙로 140, 다동 9호 (중앙시장)",
354,똘똘이식당,경남 김해시 대동면 동남로49번길 7-5,
355,함안갈비&곱창(백년전골),"경남 창원시 마산회원구 봉양로 15, 2층(양덕동)",
356,선화소곰탕식당,"경북 경산시 진량읍 동자길 65, 1층",
357,헤어살롱지지 상모점,"경북 구미시 상사서로 43, 1층(상모동)",
358,신데렐라미용실,경북 김천시 신양1길 32(신음동),
359,태극당,경북 영주시 번영로 154(하망동),
360,뷰토피아퀸,경북 영천시 강남길 45-1(완산동),
361,안계수산,경북 의성군 안계면 용기2길 24,
362,대경식당,경북 칠곡군 동명면 기성3길 27,
363,서울제면공업사,광주 광산구 송정로8번길 40(송정동),
364,옥주카센타,광주 남구 백운로 76(백운동),
365,랜드사무기,광주 북구 버들로 24-6(유동),
366,이순미용실,광주 북구 용봉로 116(중흥동),
367,대구종합악기사,"대구 남구 명덕로 172, 1층(대명동)",
368,새천년카클리닉,대전 동구 가양로 30(가양동),
369,형제집,"대전 중구 대흥로175번길 34, 1층(대흥동)",
370,한국백제필방,대전 중구 중앙로112번길 25(대흥동),
371,이흥용베이커리,부산 남구 수영로39번길 2-1(문현동),
372,할매팥빙수단팥죽,"부산 남구 용호로90번길 24, 1층 102호(용호동,삼성아파트 상가동)",
373,내호냉면,부산 남구 우암번영로26번길 17(우암동),
374,다다우동,"부산 남구 유엔평화로 7-1(대연동, 1층일부)",
375,대우양복점,"부산 동구 범일로 66,1층(범일동)",
376,아구본가 첨벙 신사본점,"서울 강남구 강남대로 150길 12(논현동, 대원빌딩 102호)",
377,이태리안경,"서울 관악구 신림로 327, 1층(신림동)",
378,실크로드. 송림가,서울 구로구 경인로 398(고척동),
379,궁중 떡집,"서울 금천구 금하로 25길 16, 1층(시흥동)",
380,강성자헤어,경기도 양평군 지평면 수곡로 150-3,
381,연희가운,"서울 서대문구 연세로 35(창천동, 외２필지 내 나호)",
382,주식회사 피터팬식품(피터팬1978),"서울 서대문구 증가로 10, 1층(연희동, 연궁빌딩)",
383,삼호복집,서울 서초구 강남대로 51길 5(서초동),
384,지큐양복점(GQTAILOR),서울 성동구 왕십리로 359(하왕십리동),
385,주식회사 이낙근찹쌀떡베이커리카페,"서울 송파구 중대로 316, 지1층 ~ 4층(오금동)",
386,베이커리카페 뱅센숲,"서울 은평구 갈현로 15, 1층 코너(신사동)",
387,진주회관,서울 중구 세종대로 11길 26(서소문동),
388,신한양 식당,"서울 중구 청파로 453, 1층(중림동)",
389,부암갈비,"인천 남동구 용천로 149, 1층(간석동)",
390,성진물텀벙이,인천 미추홀구 독배로403번길 10(용현동),
391,신흥부대고기,인천 중구 서해대로449번길 10(신흥동2가),
392,버텀라인,인천 중구 신포로23번길 23(중앙동4가),
393,낙원떡집,전남 순천시 역전장길 6(덕암동),
394,원조뽀빠이냉면,전북 군산시 장재길 12-4(장재동),
395,국제금고사,전북 군산시 죽성로 23-1(장미동),
396,㈜이성당,전북 군산시 중앙로 177(중앙로1가),
397,함지박,전북 익산시 동서로63길 60(어양동),
398,이경은헤어팜,제주 제주시 오현길 34(이도일동),
399,이태리안경,제주 제주시 중앙로 61(이도일동),
400,늘봄꽃집,제주 제주시 중앙로 64(일도일동),
401,금산원조 김정이삼계탕,충남 금산군 금산읍 인삼약초로 33,
402,심씨네젓갈식품,충남 논산시 강경읍 옥녀봉로27번길 32,
403,민속떡집,충남 당진시 무수동옛길 13(읍내동),
404,복지서점,충남 천안시 봉정로 347(두정동),
405,달동네마늘순대,충북 단양군 단양읍 수변로 73,
406,명동왕족,충북 제천시 명륜로6길 9(청전동),
407,청송통닭,충북 청주시 상당구 남사로 116(남문로2가),
408,금강설렁탕,충북 청주시 상당구 상당로5번길 35(석교동),
409,들림횟집,충북 충주시 살미면 팔봉향산길 374,
410,오복떡집,강원 원주시 평원로 12,
411,옥산장돌과이야기,강원 정선군 여량면 여량3길 79,
412,제궁태권도장,"경기 군포시 산본로 296-1, 1층 108호(금정동, 주공1단지내 상가)",
413,한화 하이안 세탁,"경기 김포시 풍무로68번길 41, 101호(풍무동, 한화유로메트로아파트 상가동)",
414,현경한약방,경기 김포시 양촌읍 양곡1로 23,
415,삼미정,"경기 부천시 부천로130번길 3, 1층(원미동)",
416,그냥동네안경원,"경기 부천시 부천로90번길 31, 1층 104호 일부(원미동, 대우연립)",
417,우드아트,"경기 성남시 수정구 제일로 154, 1층(수진동)",
418,충주기름집,경기 성남시 중원구 둔촌대로 83번길 7(성남동),
419,대성이발관,"경기 수원시 팔달구 인계로68번길 52, 102호(인계동)",
420,대하건재약업사,"경기 수원시 권선구 입북로 12, 1층 102호(입북동)",
421,진천식당,경기 수원시 장안구 정조로934번길 25(영화동),
422,깨 볶는 부부,경기 시흥시 도일로 100-4,
423,맨스헤어몽스튜디오,"경기 시흥시 은행로 66(은행동, 1층)",
424,벼슬구지뼈다귀감자탕,"경기 시흥시 연성로29번길 14-1(하중동, 1층)",
425,이안경박사,"경기 안산시 단원구 원곡로 36, 1층동 (원곡동) ",
426,그때그집,경기 안성시 안성맞춤대로 1052-1,
427,안성땅콩상회,경기 안성시 인지1길 6(아양동),
428,남한강 송어횟집,경기 여주시 세종대왕면 능서로 714,
429,단골집,경기 여주시 대신면 율촌리 379-4,
430,용인떡집,경기 용인시 처인구 금령로93번길 12-1(김량장동),
431,경원식당,경기 의정부시 둔야로 49번길 21(의정부동),
432,고산떡갈비,경기 의정부시 평화로 562번길 13(의정부동),
433,해성장식,경기 이천시 중리천로 11,
434,대로식당,"경기 화성시 병점중앙로 170번길 12-7(진안동, 쌍둥이빌딩A동 1층 대로식당)",
435,석정,경기 화성시 풀무골로 77번길 20-9(중동),
436,태양이발관,경기 화성시 경기대로 1024(병점동),
437,일미복요리전문점,경남 김해시 김해대로2511번길 4(삼정동),
438,박정희 머리방,경남 밀양시 내일상가2길 9(내일동),
439,향촌식육식당,경남 밀양시 내일상가1길 12(내일동),
440,배기연미용기능장의집,경남 진주시 석갑로 176-1(이현동),
441,미화횟집,경남 창녕군 남지읍 남지중앙로 131,
442,삼도왕족발보쌈,경남 창원시 진해구 중원동로 84(충무동),
443,아름다운안경가,"경남 창원시 의창구 원이대로 587, 105호(용호동, 정우상가)",
444,거북당꿀빵,"경남 통영시 통영해안로 368, 101호(동호동, 남현빌딩)",
445,무진장횟집,"경남 통영시 도천상가안길 60, 상가102호(도천동, 영생상가아파트2차)",
446,한려갈비,경남 통영시 해방다리1길 11-5(서호동),
447,한산섬식당,"경남 통영시 정동4길 58(정량동, 1층)",
448,뜰안,경북 경산시 압량읍 대학로 361,
449,브이아이피테일러(양복점),경북 구미시 구미중앙로 133(원평동),
450,경북유통,경북 상주시 삼백로 162-1(서성동),
451,까치구멍집,경북 안동시 석주로 203(상아동),
452,옥류관면옥,경북 안동시 문화광장길 40-11(삼산동),
453,현악기사,경북 안동시 서동문로 107(법상동),
454,동양순대,경북 영주시 중앙로83번길 33(영주동),
455,88 수족관,"경북 포항시 남구 상공로 252, 1층(해도동)",
456,삼육식당,경북 포항시 남구 오천읍 문덕로43번길 6-4,
457,(주)시민제과,"경북 포항시 북구 불종로 48, 지하,1,2,3,4층(대흥동)",
458,왕돼지갈비식당,경북 포항시 남구 송도로 34(송도동),
459,자금성반점,경북 포항시 남구 중앙로 24-1(해도동),
460,춘천닭갈비,"경북 포항시 남구 동해면 호미로 3065-1, 1층",
461,화신자전거 수완점,광주 광산구 장신로 45(장덕동),
462,화정떡갈비,광주 광산구 광산로 29번길 6(송정동),
463,내고향식당,"광주 남구 백양로 65-1(백운동, １층)",
464,진월 카센타,광주 남구 화산로 25(진월동),
465,남영숙 플라워& 아트,광주 동구 금남로 172(금남로5가),
466,아이샵안경원,광주 동구 제봉로 102(장동),
467,천지헤어,"광주 동구 중앙로 196번길 32, 1층(금남로2가)",
468,에덴미용아트,광주 북구 신흥로 25(중흥동),
469,자인방앗간,"대구 달서구 당산로 35, 바동 2호(본리동, 달서종합상가)",
470,최정자백년식당,"대구 북구 원대로 113, 1층(노원동1가)",
471,싱글벙글숯불막창식당,대구 북구 경진로1길 13(복현동),
472,프리모,"대구 서구 달구벌대로 1863, 2층(내당동)",
473,코스모스북,대구 중구 명륜로 71(남산동),
474,태화장,대전 동구 중앙로 203번길78(정동),
475,솔밭묵집,대전 유성구 관용로 51(관평동),
476,주식회사 장충동왕족발,대전 유성구 노은서로 75(노은동),
477,나이테플라워,대전 중구 대둔산로 384(산성동),
478,로쏘 주식회사(성심당),대전 중구 대종로480번길 15(은행동),
479,시쥬,"대전 중구 중앙로 지하 145, 가열12호,13호(선화동, C구역)",
480,곰보식당,"부산 사상구 낙동대로 1564(삼락동, (구포동1190번지 부속주차장))",
481,파밀리아제과점,"부산 사상구 대동로 101, 1층(학장동)",
482,길왕성테일러,부산 사하구 윤공단로14번길 17(다대동),
483,주식회사 쟝블랑제리,서울 관악구 낙성대역길 8(봉천동),
484,광나루순대,"서울 광진구 아차산로 621, 1층 105호(광장동)",
485,두부박사,서울 금천구 금하로25길 10(시흥동),
486,만두라,"서울 금천구 시흥대로 97, 53호(시흥동, 유통비지원)",
487,장안정,서울 동대문구 답십리로 291-3(장안동),
488,수원상회,서울 동작구 노들로 674(노량진동),
489,나폴레옹과자점,"서울 성북구 성북로 7(성북동1가, 외1필지)",
490,㈜대신제과,서울 성북구 아리랑로 32(동선동5가),
491,태조감자국,"서울 성북구 보문로34길 43, 1층(동선동1가)",
492,유천냉면,서울 송파구 강동대로3길 22(풍납동),
493,농업회사법인주식회사한씨떡집,세종 부강면 오대길9,
494,오세철헤어드레스,"울산 남구 대학로147번길 63(무거동, 삼익)",
495,임병용명인의활진복어요리연구소,"울산 동구 주전해안길 136, 1층(주전동)",
496,연안정육점,인천 강화군 교동면 대룡안길 54번길 44-10,
497,찬우정,"인천 강화군 선원면 중앙로 322, 1층",
498,시장정육점,"인천 계양구 작전시장로 20, 1층 103호(작전동)",
499,황해모밀냉면,인천 남동구 구월말로 92(만수동),
500,부평복음서점,인천 부평구 시장로 12(부평동),
501,부흥상회,"인천 부평구 부흥로 304번길 27, 라동 1호(부평동, 진흥종합시장)",
502,삼강옥,인천 중구 참외전로 158번길 1(경동),
503,서울순대,전남 목포시 수문로 43-1(남교동),
504,순천 건봉국밥,"전남 순천시 장평로 65, 1층(인제동)",
505,온정떡집,전남 순천시 북문길 11(매곡동),
506,(유)금성상회,전남 여수시 여객선터미널길 20-22(교동),
507,까치식당,전남 여수시 여문문화길 76(문수동),
508,명월갈비,전북 군산시 구영7길 59(신창동),
509,유정초밥,전북 군산시 대학로 6-4(영화동),
510,일흥옥,"전북 군산시 구영7길 25(월명동, 일흥옥)",
511,새집,전북 남원시 요천로 1397(천거동),
512,세종헤어,전북 남원시 의총로 70(하정동),
513,소씨네 흥부골 남원추어탕,전북 남원시 인월면 천왕봉로 62-8,
514,줄포수산,전북 부안군 진서면 곰소항길 82-1(줄포수산),
515,여성시대헤어 익산 롯데마트점,"전북 익산시 무왕로 1053, 3층(영등동, 롯데마트)",
516,한양불고기,전북 전주시 완산구 우전2길 6(효자동2가),
517,한일관본점,전북 전주시 완산구 어은로 48(중화산동2가),
518,서선민 헤어,"전북 정읍시 조곡천1길 56-1, 1층(시기동)",
519,로뎀나무,제주 제주시 삼무로 82(연동),
520,주식회사 별장,"제주 제주시 한림읍 한림상로 24, 101호",
521,명성불고기집,충남 공주시 유구읍 중앙1길 107,
522,초가집,충남 공주시 먹자1길 19-1(중동),
523,박가네집,충남 금산군 금산읍 남사직6길 33,
524,주식회사 태능초가집갈비,충남 논산시 중앙로 398번길7-7(취암동),
525,황해쌀상회,충남 서산시 동문동 900 장옥 B동 117-118. 132-135,
526,진미식당,충남 서천군 판교면 현암리 255-1,
527,광천원조어죽,충남 홍성군 광천읍 광천로329번길 24,
528,이재천 바버샵,"충북 증평군 증평읍 중앙로 220, 2층",
529,곰가내,충북 진천군 백곡면 구수리 76-2,
530,마라도일식,"충북 진천군 광혜원면 구암길 30, 1층",
531,충대구내이용원,충북 청주시 서원구 개신동 150,
532,질고개쌈밥,충북 제천시 용두대로 31길 55(신월동),
533,갈마가든,충북 충주시 살미면 용천리 246,
534,봉서식당,충북 충주시 산척면 월현길 20,
535,에이치에스디아이,충북 충주시 목행초길 7(목행동),
536,가족회관,전북 전주시 완산구 전라감영5길 17(중앙동 3가),
537,가포옛날영도집,경남 창원시 마산합포구 가포해안길 37(가포동),
538,갯바위,"경기 군포시 산본로323번길 16-7, 113호(산본동, 롯데프라자)",
539,경화춘,경남 김해시 분성로335번길 8-1(동상동),
540,광성TV,"전남 함평군 학교면 학다리길 314, 1층",
541,군포식당,"경기 군포시 군포로 556번길 6, 1,2층(당동)",
542,금양정,전북 전주시 완산구 어은로 30(중화산동2가),
543,길목식당,경남 통영시 동호로 13(정량동),
544,낙원떡방앗간,인천 미추홀구 용삼길 60-1(용현동),
545,남양사진관,경남 창원시 마산합포구 장장군로 31-23(장군동4가),
546,농업회사법인 킴스어페드㈜,대전 유성구 노은동 150-5,
547,대우족발,대구 북구 중앙대로 509-1(칠성동2가),
548,동궁염소탕,강원 강릉시 강릉대로419번길 17(포남동),
549,동봉,"대구 동구 팔공로 995, 1층(백안동)",
550,동아수산(유한),경기 안양시 동안구 흥안대로 313(평촌동),
551,주식회사 동화가든원조짬순,강원 강릉시 초당순두부길77번길 15(초당동),
552,두암음식점,전남 무안군 몽탄면 우명길 52,
553,마라도회식당,경북 포항시 북구 해안로 217-1(두호동),
554,마포나루(1호점),"서울 마포구 마포대로 68(도화동, 마포아크로타워 B01호, B02호)",
555,맥아당,충북 청주시 서원구 사운로 88(사직동),
556,벨라헤어,경남 진주시 비봉로24번길 12(중안동),
557,보안당안경,경기 고양시 일산서구 일청로 10(일산동),
558,봉담디지털스튜디오,경기 화성시 봉담읍 삼천병마로 1276,
559,봉우맛집,충북 충주시 봉현로 80(봉방동),
560,부산한복,인천 동구 중앙로 65-1(송현동),
561,산삼장어구이 앤 시장횟집,경남 밀양시 영남루2길 5(내일동),
562,산중식당,대구 동구 팔공산로185길 55(용수동),
563,성심예공원,서울 용산구 만리재로 174 (서계동),
564,송도갈매기주식회사,"인천 연수구 능허대로151번길 25(옥련동, 지하1층,2층전부)",
565,송림병,"경기 고양시 일산서구 대화로 130, 104호(대화동, 한내프라자)",
566,쉐프부랑제,"경기 김포시 모담공원로 155, 1층전체, 2층일부(운양동)",
567,신길안경원,서울 영등포구 도신로 64길 1(신길동),
568,신락원,서울 동대문구 전농로20길 2 1층(전농동),
569,심순녀안흥찐빵,강원 횡성군 안흥면 서동로 1029,
570,안경나라콘택트,전북 고창군 고창읍 남정1길 1,
571,약콩밀면,부산 남구 동명로145번길 80(용호동),
572,양지말화로구이,강원 홍천군 홍천읍 양지말길 17-4,
573,장터집,경기 양평군 양평읍 양평장터길 5,
574,여정식당여문점,전남 여수시 여문문화길 56(문수동),
575,영광굴비,전남 영광군 영광읍 중앙로2길 65,
576,옛집,"대구 중구 달성공원로 6길 48-5, 48-7(시장북로)",
577,온천골,경북 경산시 계양로 175(계양동),
578,용문마트,경기 하남시 역말로 26(덕풍동),
579,운채,강원 원주시 고문골길 47(행구동),
580,유림국기상패사,전북 전주시 덕진구 심방죽로 35(인후동2가),
581,유진테일러,전남 목포시 영산로 78-1(상락동2가),
582,삼대 인천게장,인천 동구 금곡로81번길 22 (송림동),
583,일성사양복점,부산 부산진구 범일로 142번길 25(범천동),
584,일월정 토속한정식,대구 달성군 논공읍 논공로 697-5,
585,장흥식품,"전남 장흥군 장흥읍 충열교촌길 8-9, 8-11",
586,정금주한복연구실,"경기 과천시 별양상가2로 20, 62호(별양동, 새서울프라자 2층)",
587,㈜덕화푸드,"부산 서구 원양로 35, 3층(암남동, 도매장동) ",
588,주식회사 배나무골,서울 서초구 마방로 2길 12(양재동),
589,주식회사 명가막국수,강원 춘천시 신북읍 상천 3길 8,
590,주식회사 예향,전남 강진군 강진읍 보은로3길 11-1,
591,㈜여의도떡방,"서울 강남구 삼성로 150(대치동, 미도상가 지하1층 17,18,19,82,83호)",
592,㈜한일관,서울 강남구 압구정로 38길 14(신사동),
593,주식회사 해운대암소갈비집,부산 해운대구 중동2로10번길 32-10(중동),
594,지리산식당,"전남 구례군 마산면 화엄사로 381, 1층",
595,진미정육점,경기 고양시 일산서구 일청로 12번길 9(일산동),
596,천일식당,전남 해남군 해남읍 읍내길 20-8,
597,"청주왕족발,보쌈",충북 진천군 진천읍 중앙서로 21,
598,청하,광주 동구 충장로 45-12,
599,칡산에,강원 원주시 금불4길 25-5(단계동),
600,태양하우스마트,전남 나주시 이창1길 16(이창동),
601,통만두집,"전남 여수시 통제영4길 12(중앙동, 주내과의원)",
602,편대장영화식당,경북 영천시 강변로 50-15(금노동),
603,포항할매집,"경북 영천시 시장4길 52, 제 2지구(완산동)",
604,풍년기름집,서울 중구 퇴계로 83길 10-12(황학동),
605,한려곰장어,경남 통영시 정동4길 57 (정량동) ,
606,한밭식당,충남 홍성군 광천읍 광천로 299번길 6-1,
607,한양모사,광주 동구 충장로 35-1(충장로5가),
608,한울이미용실,광주 동구 동명로67번길 17(지산동),
609,향옥정 주식회사,경남 김해시 김해대로 2787-21 (불암동),
610,호원당,서울 강남구 압구정로 34길 26(신사동),
611,혼수타운,경기 부천시 자유로47(심곡본동),
612,홍두깨국시집,경기 포천시 정문동길 24(어룡동),
613,화랑궁회관,광주 동구 구성로204번길 23(대인동),
614,희망통닭,부산 동래구 명륜로98번길 94(낙민동),
615,봄담은산채,강원 춘천시 선들길 38(삼천동),
616,대원당,"강원특별자치도 춘천시 퇴계로 191, 1, 2층(석사동)",
617,영동횟집,강원 강릉시 창해로 350번길 37(강문동),
618,지앤지오(G&GO)말글터,강원 강릉시 문화의길 9(임당동),
619,부곡통닭집,경기 의왕시 부곡시장길 17(삼동) 1층,
620,충남식당,경기 구리시 안골로97번길 49-1(수택동),
621,여명본점,경기 화성시 정남면 세자로303번길 11-8,
622,동전집,경남 창원시 진해구 충장로 88(충무동),
623,우창식품,경남 창원시 마산합포구 어시장7길 53(남성동),
624,주노미용실,경남 창녕군 창녕읍 자련길 26-1,
625,미래특수통닭,경남 사천시 팔포3길 3(서금동),
626,빅토리애드벌룬,경남 진주시 진주성로 183번길 22(상봉동),
627,노블레스헤어,"경남 김해시 계동로 102번길 27, 205호(대청동, 울트라상가)",
628,"무척산한옥마을,무척산관광농원,무척산태양광발전소,무척산갤러리",경남 김해시 생림면 안양로 358번길 38,
629,보림사진관,경남 김해시 호계로 425(부원동),
630,부일식당,경남 통영시 서호시장길 45(서호동),
631,향토집,경남 통영시 무전5길 37-41(무전동),
632,문앤문헤어스토리,광주 서구 염화로40번길 18(화정동),
633,문경정 짱뚱어탕 전문점,광주광역시 서구 화정로309번길 26-2(농성동),
634,코벤트,광주광역시 서구 상무대로 678(마륵동),
635,주몽가든맛집,전남 나주시 왕곡면 예향로 3683,
636,진성공예,"전라남도 담양군 담양읍 죽향문화로 35, 403호",
637,임가네 일반음식점,광주광역시 광산구 사암로130번길 65(우산동),
638,해금강,"대구 동구 신암남로 133. 1,2층",
639,큰나무집 궁중약백숙,대구 달성군 가창면 우록길 24(외2필지),
640,갈비둥지로,대구 달서구 대명천로 198(본리동),
641,경상도추어탕,경북 안동시 태사길 23-3(북문동),
642,순흥당한약방,경북 안동시 번영3길 11(천리동),
643,금오산고향촌식당,경북 구미시 금오산상가길 35-11(남통동),
644,보금이용소,경북 구미시 형곡서로 20(형곡동),
645,효령매운탕,대구 군위군 효령면 치산효령로 2267-8,
646,고령금산한우,경북 고령군 성산면 성산로 946-5,
647,동양카정비,경북 포항시 북구 장량주택로4번길 2(양덕동),
648,꽃수레,경북 포항시 남구 상도로 58(상도동),
649,주식회사 영양숯불갈비,경북 경주시 봉황로 79(서부동),
650,삼영식당,경북 경주시 봉황로 67(서부동),
651,THE MAYA(더 마야),경북 경주시 동성로111번길 7(노동동),
652,영천목탁공예사,"경북 영천시 새미1길 13, 1층(언하동)",
653,스쿨서점,경북 영주시 번영로 163(영주동),
654,한결청국장,경북 영주시 풍기읍 인삼로 1-1,
655,소백산생고기식당,경북 영주시 대학로 16(휴천동),
656,둔산꽃백화점,대전 유성구 노은동 138-6,
657,은용골농장가든,세종 장군면 은용2길 71,
658,부강옥 세종부강본점,세종 부강면 부강외천로 103,
659,산장가든,세종 연서면 도신고복로 1131-7(32),
660,송학사,"부산 동구 범일로 95, 1층(범일동, 1층)",
661,유니마트한우전문점,부산 북구 구포시장1길 10(구포동),
662,현음악기,부산 중구 남포길 45-2(남포동2가),
663,아리랑전자,"부산 부산진구 부전로 196, 99호(부전동, 부산전자상가1층)",
664,엠투,"부산광역시 부산진구 부전로162번길 28, 91,92,93,138,139,140,186,187,188,189,234,235,236,306,307,350,351,393,394,395호(부전동, 서면종합악기상가 2층)",
665,태화육개장,"부산 부산진구 서면문화로 18(부전동, 1층)",
666,평양옥,서울 서대문구 통일로 107-23(미근동),
667,포도나무,"서울 종로구 사직로 108-1, 1층(내자동)",
668,뚱뚱이할머니집,서울 중구 장충단로 174-1(장충동1가),
669,청수장,"서울 성북구 정릉로 237-2(정릉동, 1층)",
670,향호면옥,"서울 송파구 마천로 79(오금동, 장한빌딩)",
671,조희미용실,울산 중구 학성로 114(옥교동),
672,궁중삼계탕,울산 중구 먹자거리 6(성남동),
673,정자참가자미,울산 남구 왕생로45번길 3(달동),
674,반공방첩,인천 동구 샛골로 128(송림동),
675,유한회사한국집,전북 전주시 완산구 어진길 119(전동),
676,영흥관,전북 전주시 완산구 현무1길 17(경원동 3가),
677,신한양불고기,전북 전주시 완산구 전주객사3길 11(중앙동 1가),
678,만성한정식,전북 전주시 완산구 바우배기1길 31-9 2층(효자동2가),
679,교동다원,전북 전주시 완산구 은행로 65-5(교동),
680,보름베이커리,"전라북도 익산시 인북로 202, 1층(남중동)",
681,구드래돌쌈밥,충남 부여군 부여읍 나루터로 31,
682,구두래황토정,충남 부여군 규암면 백제문로 30,
683,광천해산물상사,충남 홍성군 광천읍 광천로299번길 36 1층,
684,조일사진관,충남 당진시 당진중앙2로 33-19(읍내동),
685,토속식당,"충남 공주시 백미고을길 5-7, 1층(금성동)",
686,할머니집식당,충북 진천군 이월면 화산동길 18,
687,새재황토방,충북 괴산군 연풍면 새재로 1833,
688,남한강횟집,충북 충주시 동량면 호반로 7,
689,명륜당서점,충북 옥천군 옥천읍 중앙로 36-1,
690,부산식당,강원 강릉시 중앙시장길 22-1(성남동),
691,천일안경원,강원 속초시 중앙로 122(금호동),
692,돌고래회센터,강원 속초시 대포항희망길 49(대포동),
693,수원갈비,"강원 속초시 엑스포로1길 28, 1층(조양동)",
694,양구재래식손두부,강원 양구군 양구읍 학안로 6,
695,동강다슬기,강원 영월군 영월읍 영월로 2105,
696,민생회관,"강원 원주시 중앙로 46, 1층(중앙동)",
697,정선면옥,강원 정선군 정선읍 봉양5길 35,
698,실비막국수,강원 춘천시 소양고개길 25(소양로2가),
699,휘닉스그린텔,강원 평창군 봉평면 태기로 73,
700,봉평메밀미가연,강원 평창군 봉평면 기풍로 108,
701,메밀방아용둔막국수,강원 횡성군 우천면 경강로 2883,
702,박현자네 더덕밥,강원 횡성군 횡성읍 횡성로 59,
703,조가네,강원 횡성군 횡성읍 섬강로 347,
704,함밭식당,강원 횡성군 횡성읍 섬강로 88(206-3),
705,고려분재연구원,경기 고양시 덕양구 서오릉로 334-41(용두동),
706,고향떡집,"경기 고양시 일산동구 일산로 197, 1층 1064, 1065, 1066, 1067호 (마두동, 센터21)",
707,아이랜드안경,경기 고양시 일산동구 일산로 197(마두동),
708,수양농장가든,경기 광주시 곤지암읍 경충대로 295번길 110-3,
709,양평기름집,경기 구리시 안골로97번길 36(수택동),
710,나룻터숯불장어구이,경기 김포시 월곶면 김포대로3023번길 96,
711,수빈관,경기 김포시 통진읍 김포대로 2374,
712,동양당(솔앤솔SOLNSOL),경기 남양주시 와부읍 수레로 2,
713,진미옥설농탕,경기 동두천시 생연로 185-1(생연동),
714,텍사스바베큐,경기 동두천시 중앙로 366(생연동),
715,금미당(금미주얼리),경기 부천시 부흥로 189(중동),
716,복사골뼈다귀해장국,충남 청양군 남양면 만수로 1582,
717,프랑세즈,경기 부천시 경인로 218(심곡본동),
718,이재영의 삐삐처럼,"경기 성남시 수정구 수정남로268번길 20, 1층(산성동)",
719,진성삼계탕,경기 성남시 수정구 산성대로255번길 8-5(신흥동),
720,참맛나리아,경기 성남시 수정구 시민로142번길 12-2(신흥동),
721,조한약방,경기 수원시 팔달구 정조로 792(팔달로2가),
722,고향순대국,경기 수원시 장안구 수성로370번길 52(영화동),
723,연포갈비,경기 수원시 팔달구 정조로906번길 56-5(북수동),
724,입주집,경기 수원시 팔달구 팔달문로3번길 37(팔달로1가),
725,호남순대,"경기 수원시 팔달구 팔달문로 19(지동, A동 5호)",
726,송탄부대찌개,"경기 시흥시 시청로68번길 10, 101호(장현동, 봉빈빌딩)",
727,흙과사람들,"경기 시흥시 비둘기공원로 21(대야동 201,202,203)",
728,이태리안경,"경기 안산시 단원구 라성로 36, 13-호(원곡동, 반월종합)",
729,현대마트,"경기 안산시 상록구 감골2로 10(사동, 현대2차 분산상가 101호~102호)",
730,솔로몬베이커리카페,"경기 안산시 단원구 선이로 14, 1120호, 1121호(선부동, 제일종합시장)",
731,모박사,경기 안성시 대덕면 서동대로 4653,
732,헤어살롱B&G,경기 안양시 동안구 경수대로570번길 9(호계동),
733,산하식당,경기 양주시 백석읍 기산로 410,
734,곰보(Gombo),"경기 의정부시 태평로73번길 20, 나동 1층 44호(의정부동, 의정부제일시장)",
735,일미만두1981의정부,"경기 의정부시 평화로 311, 1층전체(호원동)",
736,김성래피자,"경기도 이천시 부발읍 경충대로2041번길 52, 1층",
737,대창통닭,경기 평택시 자유로3번길 23(평택동),
738,주식회사 최네집,경기 평택시 경기대로 1401(서정동),
739,진미식당,경기 평택시 통복시장2로9번길 15(통복동),
740,대영철물,경기 화성시 우정읍 조암남로 19,
741,나래궁,경기 화성시 반정로 151(반정동),
742,대지식당,경기 화성시 팔탄면 서촌길21번길 8,
743,쌍쌍식육식당,경남 거창군 가조면 가조가야로 1096,
744,대동목욕탕,경남 김해시 대동면 동남로85번길 52,
745,가야양념족발,경남 김해시 분성로 54(외동),
746,시장횟집(무계동),경남 김해시 무계동 191-10,
747,시장횟집(한림면),경남 김해시 한림면 한림로352번길 18,
748,김옥연한복,경남 창원시 마산합포구 문화남4길 2(월남동3가),
749,영신상회,경남 창원시 마산합포구 남성동 60,
750,인혜돌곱창,경남 창원시 마산합포구 교방천남길 320(오동동),
751,덕합반점,경남 사천시 사천읍 읍내1길 81,
752,이지단팥빵,경남 양산시 장터2길 10-1(중부동),
753,죽림산방,경남 양산시 상북면 대석2길 13,
754,임진각식당,경남 창원시 의창구 팔용로 515(팔용동),
755,윤스캠퍼,경남 진주시 강남로 149(칠암동),
756,필헤어클리닉,"경남 창원시 진해구 충장로 440, 1층(이동)",
757,심가네해물짬뽕,"경남 통영시 새터길 74-4, 1층(서호동)",
758,"은혜갈비, 식육식당",경남 통영시 광도면 죽림4로 23-37,
759,고바우식당,경남 합천군 가야면 치인1길 13-5,
760,주식회사 맷돌순두부,경북 경주시 북군길 7(북군동),
761,털보매운탕,경북 경주시 안강읍 딱실길 14-6,
762,에버그린베이커리,경북 고령군 대가야읍 중앙로 13-1,
763,부흥농자재,경북 문경시 가은읍 대야로 2513,
764,퀼트하우스,경북 문경시 중앙로 155(점촌동),
765,예천가든,경북 봉화군 봉성면 진의실길 4-1,
766,새불고기식당,경북 성주군 초전면 대고로 22,
767,종로서적,경북 안동시 경북대로 415(옥동),
768,서울복어식당,경북 안동시 태사1길 22(북문동),
769,맛 50년 헛제사밥,경북 안동시 석주로 201(상아동),
770,삼송꾼만두,경북 영천시 중앙동1길 12(문외동),
771,하눅베이커리,경북 영천시 강변로 44(금노동),
772,정우숯불가든,경북 청도군 청도읍 청화로 252,
773,주왕산청솔식당,경북 청송군 주왕산면 공원길 162,
774,㈜한미식당,경북 칠곡군 왜관읍 석전로 159,
775,올림픽사,경북 포항시 북구 중앙상가3길 19-6(상원동),
776,강산식당,경북 포항시 북구 죽도로40번길 21(죽도동),
777,새송정,광주 광산구 광산로 31(송정동),
778,송정떡갈비,광주 광산구 광산로29번길 1(송정동),
779,삼성영신직매장,광주 남구 중앙로 85(서동),
780,기맹례헤어숍,"광주 남구 백운로 5, 1층(백운동)",
781,국제복장,광주 동구 충장로 55(충장로4가),
782,노틀담&바이슨,"광주 동구 충장로 58, 1층(충장로4가)",
783,라인뷰티샵,광주 동구 무등로 300(계림동),
784,윤성지미용실,"광주 동구 동계로 38, 123동 1층 12호(산수동)",
785,1969양동통닭,"광주 서구 천변좌로 260-1, 1층(양동)",
786,합천명품시계,대구 남구 대명로 125(대명동),
787,동곡원조할매손칼국수식당,"대구 달성군 하빈면 달구벌대로55길 101, 1층",
788,원조현풍박소선할매집곰탕㈜,대구 달성군 현풍읍 현풍중앙로 56-1,
789,홍천뚝배기 본점식당,대구 달성군 논공읍 논공로 814,
790,고은세탁할인점,"대구 동구 팔공로51길 11, 1층 109호(봉무동)",
791,꼬꼬하우스,대구 동구 아양로 53-5(신암동),
792,블루문레스토랑,대구 동구 파계로 685(중대동),
793,우일완구사,대구 북구 칠성시장로7길 25(칠성동 1가),
794,유성카토피아,대구 북구 원대로23길 4(노원동1가),
795,까치산,대구 북구 호국로 233(서변동),
796,용해원,"대구 북구 태전로7길 6(태전동, 1층)",
797,김종희플로라 (김종희플라워디자인학원),대구 수성구 국채보상로 920-1(범어동),
798,미림식당,대구 중구 국채보상로93길 6(대신동),
799,부창생갈비,대구 중구 국채보상로 492-12(동산동),
800,주식회사서해냉동식품,대전 대덕구 한밭대로 976(오정동),
801,오문창순대국밥식당,대전 대덕구 한발대로 1153(중리동),
802,"한국문구도매센터, 활문사",대전 동구 대전로867번길 51(삼성동),
803,서울이용원,대전 동구 대전로 805(중동),
804,귀빈돌솥밥,대전 서구 만년로68번길 21(만년동),
805,사리원면옥,대전 서구 둔산로31번길 77(둔산동),
806,박속낙지,대전 유성구 하기로 153(하기동),
807,주식회사 사리원푸드,대전 중구 중교로 62(대흥동),
808,동경식당,"부산 강서구 신호산단1로72번길 17, 2,3층(신호동)",
809,하동집,부산 금정구 오륜대로 260(오륜동),
810,궁중해물탕조씨집,부산 남구 진남로 7-11(대연동),
811,대화단추,"부산 동구 진시장로 24(범일동, 진시장 1층 상포141-4)",
812,경양식 달과6펜스,"부산 동구 중앙대로226번길 7-2, 1층(초량동)",
813,구기영 조방낙지,"부산 동래구 명장로20번길 60, 1,2층(명장동)",
814,현대음향사,"부산 부산진구 부전로162번길 28, 202호(부전동, 서면종합시장2층)",
815,윤오토자동차정비,"부산 부산진구 새싹로 180-1(연지동, 외 340-16)",
816,세탁백화점,부산 사상구 엄궁남로40(엄궁동),
817,유림,"부산 수영구 망미번영로38번길 72, 2층(광안동)",
818,뚜쥬루과자점,부산 수영구 광일로20번길 7(광안동),
819,어머니간장게장,부산 중구 대청로137번길 8-2(중앙동3가),
820,선창횟집,부산 해운대구 달맞이길62번길 67(중동),
821,해운대원조할매국밥,"부산 해운대구 구남로21번길 27, 1,2층(우동)",
822,㈜비앤테일러샵,"서울 강남구 논현로 159길 16, 1층(신사동, 신사동 동보빌딩)",
823,베이크 하우스,"서울 강남구 봉은사로71길 49, 1층(삼성동)",
824,별미손칼국수,"서울 강동구 양재대로141길 9, 1층(명일동, 서교빌딩)",
825,초롱이고모부대찌개,"서울 강동구 상암로11길 4, 1층(암사동)",
826,섬진강식당,서울 강북구 한천로 1151(수유동),
827,옥류헌,서울 강북구 삼양로181길 142(우이동),
828,구이구이돼지촌쭈꾸미,"서울 강서구 초원로 77, 1층(방화동)",
829,참누렁소,서울 노원구 공릉로63길 13(하계동),
830,함스브로트,서울 도봉구 도봉로 483(쌍문동),
831,르네상스,서울 마포구 큰 우물로39(대흥동),
832,주식회사 맛난세상,서울 마포구 토정로37길 47(염리동),
833,3대 삼계장인,"서울 서초구 반포대로28길 56-3, 1층(서초동, 한라빌딩)",
834,주식회사 산무리,"서울 송파구 삼학사로 101, 4층(삼전동, 1,2,3,4층)",
835,골목집,서울 양천구 목동중앙북로 4(목동),
836,서울가발박사,서울 영등포구 경인로 828(영등포동),
837,두꺼비집,"서울 은평구 연서로28길 5(대조동, 185-31,32,33,34,35)",
838,싸리골,"서울 은평구 서오릉로 195, 2층 202호(구산동)",
839,연서순대국,"서울 은평구 통일로 850, B동 6호(불광동)",
840,명신당,서울 종로구 인사동길 34(관훈동),
841,꽃안에서,울산 남구 삼산로 36(신정동),
842,주식회사 만리장성,울산 남구 문수로480번길 7(신정동),
843,촌당,울산 남구 수암로90번길 21(신정동),
844,김경란 박사 헤어큐어,울산 동구 봉수로 307(전하동),
845,단골식당,인천 강화군 화도면 마니산로678,
846,샤론한복,인천 동구 송현동 98,
847,깜상네,인천 동구 화도진로5번길 8(금곡동),
848,영광상회,"인천 부평구 부흥로304번길 27, 나동 21호(부평동)",
849,창조할인마트,"인천 부평구 부흥로303번길 14(부평동, 1층)",
850,락캠프,"인천 부평구 길주로 547(갈산동, 지하1층)",
851,인현통닭삼계탕,"인천 중구 참외전로 134, 1층(인현동, 외 2필지)",
852,일광서점,전남 나주시 나주로 180(중앙동),
853,박귀월 머리마을,전남 목포시 원산중앙로 106 (연산동),
854,더(The) 미주농원 120,"전남 순천시 상사호길 120(덕월동, 외 1필지 가동, 나동(1층))",
855,리가토탈헤어클럽,"전남 여수시 충무로 45(충무동, 1층)",
856,옥수헤어모드,전남 여수시 좌수영로 472(둔덕동),
857,덕양 은혜 곱창,전남 여수시 소라면 하세동길 7-1,
858,키다리슈즈,전북 고창군 고창읍 동리로 63,
859,인천장가든,전북 고창군 아산면 원평길 9,
860,대영,전북 군산시 구시장로 17-2(대명동),
861,일도당 인쇄,전북 군산시 중앙로 196-1(중앙로1가),
862,빈해원,전북 군산시 동령길 57(장미동),
863,빵굽는오남매,"전북 군산시 오룡로 65-1, 1층, 2층(명산동)",
864,삼포식당,전북 남원시 요천로 2264(식정동),
865,인산인해,전북 남원시 시청동로 26(도통동),
866,추어향,전북 남원시 요천로 1455(쌍교동),
867,모성,전북 익산시 하나로 453(영등동),
868,물머리집,전북 익산시 금마면 고도1길 56-5,
869,바이크나라,전북 전주시 덕진구 권삼득로 106(진북동),
870,호텔한성,전북 전주시 완산구 전주객사5길 43-3(고사동),
871,그때산집,전북 전주시 완산구 태평5길 13-4(태평동),
872,진미명가식당,제주 서귀포시 안덕면 사계남로 167,
873,누네안경원,제주 제주시 서광로 236-1(삼도일동),
874,귀빈식당,충남 공주시 사곡면 마곡상가길 12,
875,별장가든,충남 청양군 청양읍 충절로 1494,
876,남촌가든,충남 금산군 제원면 낙안길 34-5,
877,옛날고도리추어탕,충남 금산군 추부면 삼육로 6,
878,강경할미젓갈,충남 논산시 강경읍 옥녀봉로19번길 21,
879,독일베이커리,"충남 당진시 밤절로 168, 1층, 106호(수청동, 로뎀타워)",
880,보령자동차공업사,충남 보령시 중앙로 33(대천동),
881,정문농산,"충남 아산시 번영로 149, 1층(권곡동)",
882,홍콩반점,충남 아산시 온천대로 1507(온천동),
883,원조옥수사,"충남 천안시 동남구 영성로 25-3, 1층 28호(사직동)",
884,청화집순대,충남 천안시 동남구 병천면 충절로 1749,
885,학화호도과자,충남 천안시 동남구 대흥로 233(대흥동),
886,칠갑산골,충남 청양군 대치면 장곡길 147,
887,경희식당,충북 보은군 속리산면 사내7길 11-4,
888,감골생고기타운,충북 영동군 영동읍 계산로1길 32,
889,문정식당,충북 옥천군 옥천읍 향수3길 20,
890,강박사냉면숯불갈비,충북 제천시 청전대로 91(청전동),
891,덩실분식,충북 제천시 독순로 6길 5(의림동),
892,무궁화식당,충북 제천시 독순로 91-4(중앙로2가),
893,청풍황금송어,충북 제천시 금성면 청풍호로39길 25,
894,서울화원,"충북 증평군 증평읍 중앙로 206, 103호(서울빌딩)",
895,느티나무집,충북 진천군 진천읍 백곡로 1253,
896,서문우동,충북 청주시 상당구 무심동로392번길 8(서문동),
897,연게소문,충북 청주시 서원구 수곡로57번길 32-2(수곡동),
898,책이있는글터,"충북 충주시 국원대로 191, 1층(금릉동)",
899,㈜옹기장터,충청북도 충주시 연수양지말길 6(연수동),
900,자연가든,충북 충주시 살미면 중원대로 2461,
901,유한회사 제이베이커스,"전남 순천시 팔마로 269, 나동(연향동)",
902,이정례헤어명작,"광주광역시 광산구 사암로216번길 16, 3층 301호",
903,삼풍베이커리,광주 동구 남문로 674(학동),
904,희망그릇,광주 동구 천변우로 495(학동),
905,다락방아트센타,광주 북구 금재로 36번길 56(북동),
906,칼리지미용실,광주 북구 우치로 63(중흥동),
907,김향숙뷰티타운,"광주 서구내방로358번길 5-2, 3층 303호(무등파크맨션상가) ",
908,삼양미용실,"전남 고흥군 고흥읍 여산당촌길 4-1, 107호",
909,하얀마을 제과점,전남 고흥군 도화면 동신길 34,
910,(유)국제서림,전남 목포시 영산로75번길 27-2(죽동),
911,소문난곱창,전남 보성군 벌교읍 채동선로 148-1,
912,세라헤어터치,전남 순천시 풍덕주택길 7(조곡동),
913,형설서점,전남 순천시 낙안면 이곡1길 12,
914,하늘미용실,"전남 여수시 문수북6길 23-1(문수동, 287호)",
915,호남갈비,전남 여수시 동문로 93-1(공화동),
916,독천식당,전남 영암군 학산면 독천로 162-1,
917,소망식당,전남 해남군 해남읍 구교2길 2,
918,해남서점,전남 해남군 해남읍 중앙1로 148(2층),
919,약산흑염소,전남 화순군 화순읍 상삼2길 13-9,
920,배불뚝집 본점,전북 익산시 하나로6길 19(어양동),
921,무궁화한정식,전북 전주시 덕진구 권삼득로 436(덕진동2가),
922,신애자한복,전북 전주시 완산구 전라감영4길 18(중앙동3가),
923,피엔비 (PNB),전북 전주시 완산구 팔달로 180(경원동1가),
924,레스토랑마리서사본점,전북 정읍시 수성택지4길 20-12(수성동),
925,도라지식당,제주 제주시 연삼로 128(오라삼동),
926,신설오름,제주 제주시 고마로 17길 2(일도이동),
927,㈜경신유통,경북 경산시 성암로21길 3-6(옥산동),
928,충효닭집,"경북 경주시 원효로51번길 5, 1층(성건동)",
929,궁원(비원),경북 구미시 금오산로 126(원평동),
930,라망웨딩,"경북 구미시 금오산로 134, 1층(원평동)",
931,배신식당,경북 김천시 감문면 배시내길 46,
932,천생산오리사냥,경북 구미시 천생산길 38(구평동),
933,길성관,경북 포항시 북구 불종로 42(대흥동),
934,떡서방콩고물각시,경북 포항시 북구 천마로72번길 22(양덕동),
935,장기식당,경북 포항시 북구 죽도시장3길 9-10(죽도동),
936,중앙콘택트. 안경 (중앙점),경북 포항시 북구 중앙로 295 (상원동),
937,포항특미물회식당,경북 포항시 북구 동빈로 106(동빈1가),
938,학원사,경북 포항시 북구 중앙로 266(남빈동),
939,나연플라워아트,"경북 영주시 대학로284번길 4-20, 1층 102호(가흥동, 석남빌딩)",
940,금호꽃농원,경북 영천시 금호읍 사일로 2,
941,대덕식당,대구 남구 앞산순환로 443(대명동),
942,정우식당,대구 남구 장전2길 68-3(대명동),
943,레이몬드베이커리,"대구 달서구 선원로 241, 108호(용산동, 보성2차상가)",
944,강원도집,대구 달성군 가창면 가창로176길 18,
945,경산식당,대구 달성군 다사읍 강정본길 77,
946,김태희손국수식당,대구 달성군 옥포읍 옥포로 597,
947,주식회사 대구수산장어,"대구광역시 동구 서촌로21길 13, 1층(덕곡동)",
948,녹양구이,대구 수성구 무학로17길 21(두산동),
949,본전식당,대구 수성구 수성로76길 38(수성동2가),
950,브레드바바,대구 수성구 수성로69길 55(수성동1가),
951,삼수장어,대구 수성구 신천동로 442(수성동4가),
952,상락식당,대구 수성구 동대구로74안길 2(범어동),
953,용지봉,"대구 수성구 들안로 9(상동, 405-2, 407-5)",
954,성호사,"대전 중구 보문로 286, 102호(선화동, 스마트 284)",
955,진로집,대전 중구 중교로 45-5(대흥동),
956,우보설렁탕,세종 조치원읍 문화로 24,
957,동흥루,충남 예산군 예산읍 예산로 220-1,
958,결성칼국수,충남 홍성군 결성면 구성남로 31,
959,비전농장,충남 홍성군 광천읍 충서로 400번길 221,
960,삽다리곱창전문점,충남 홍성군 홍성읍 도청대로 6,
961,오박사냉면전문식당,충북 진천군 진천읍 중앙동 1길 2,
962,금호송어장,충북 청주시 서원구 현도면 노산하석로 166,
963,부모산가든,충북 청주시 흥덕구 2순환로 1167번길 25(복대동),
964,신사동염소탕,충북 청주시 흥덕구 직지대로582번길 15(봉명동),
965,원조백년옻닭,충북 청주시 청원구 교서로 104-1(우암동),
966,청주폐백,충북 청주시 흥덕구 흥덕로 90-1(운천동),
967,만나밥집,충북 충주시 동수 2길 35(연수동),
968,평화문구상사,충북 충주시 국원대로 47(봉방동),
969,원조할매추어탕,경남 김해시 식만로348번길 44-1(불암동),
970,손두부전문점,경남 양산시 신기1길 13(신기동),
971,안다미로&카페오리,경남 양산시 명곡로 439(명곡동),
972,황금당,경남 양산시 중앙로 171(북부동),
973,강변횟집,경남 창원시 마산회원구 석전동16길 25(석전동),
974,케네디홀레스토랑,"경남 통영시 미수해안로 125-5(미수동, 마이웨이상가4층)",
975,경주박가국밥,부산 기장군 정관읍 구연2로 18,
976,"고선이 홍삼, 굿썸, 태평선식",부산 남구 못골로41번길 14(대연동),
977,㈜신발원,부산 동구 대영로243번길 62(초량동),
978,시떼저팬 (CJ. Gallery),"부산 사상구 광장로7(괘법동, 르네시떼 2741,2742,2723,2724,2725호)",
979,제일상회,부산 사상구 새벽로168번길 21(감전동),
980,대현상회,"부산 수영구 망미배산로10번길 58, 1층(망미동)",
981,㈜워터스톤,부산 수영구 민락수변로 25(민락동),
982,삼송,부산 중구 광복로55번길 13(창선동1가),
983,리엔박헤어,울산 남구 봉월로 114번길 7(신정동),
984,뚱보냉면,강원 강릉시 토성로 156-2(임당동),
985,원흥수산건어물,강원 강릉시 창해로 376,
986,오부자냄비물회,"강원 동해시 일출로 151, 10호(묵호진동,삼양비취타워)",
987,황해횟집,강원 동해시 일출로 189(묵호진동),
988,대아서점,강원 양양군 양양읍 양양로 108,
989,일미장,강원 인제군 인제읍 인제로 188번길 1,
990,진부령식당,강원 인제군 북면 진부령로 100,
991,오수물막국수,강원 춘천시 신북읍 맥국2길 15,
992,춘천명물닭갈비,강원 춘천시 옛경춘로 813(삼천동),
993,희망상회,강원 홍천군 홍천읍 번영로 53,
994,나주곰탕우정집,"서울 강남구 강남대로94길 57(역삼동, 지상1층)",
995,㈜삼원가든,서울 강남구 언주로 835(신사동),
996,진성식당,서울 강남구 학동로81길 7(청담동),
997,군산해물탕,서울 강북구 한천로139길 41(수유동),
998,삼양동 삼다도 아구탕,"서울 강북구 삼양로29길 10-14, 외 2필지(삼양로29길 10-16, 12)(미아동)",
999,삼천포식당,서울 강북구 한천로 1052(수유동),
1000,신촌기사식당,"서울 강서구 방화대로 408(방화동, 1층)",
1001,민정식당,"서울 광진구 아차산로42길 41-4(자양동, 1층)",
1002,장군갈비,서울시 광진구 용마산로 11 (중곡동),
1003,동흥관,"서울 금천구 시흥대로63길 20(시흥동, 외 2필지(7,9)",
1004,프랑세즈과자점,서울 금천구 남부순환로 1392(독산동),
1005,엘리제제과점,"서울 노원구 동일로 1550, 109호(상계동, 고려프라자)",
1006,대박김치찌개,"서울 동작구 보라매로5길 5(신대방동, 1층)",
1007,금복족발,"서울 마포구 삼개로3길 6-3, 1층(도화동)",
1008,블랑제리 (르팡),"서울 서초구 방배로 268, 102호(방배동, 신삼호상가1층 2호)",
1009,주식회사 석신한우,서울 성동구 마장로37길 55 (마장동),
1010,고려정,"서울 영등포구 국제금융로6길 30, 116호(여의도동, 백상빌딩)",
1011,송죽장,"서울 영등포구 문래로 203, 1-3층(영등포동4가)",
1012,양자강,"서울 영등포구 63로 36(여의도동, 리버타워 지하1층 b105호)",
1013,진미식당,서울 용산구 백범로90길 46(문배동),
1014,시골감자국,서울 은평구 응암로 174(응암동),
1015,(주)낙원아구찜,서울 종로구 삼일대로 436(낙원동),
1016,신성,서울 종로구 무교로 42(서린동),
1017,이문설농탕 ,"서울 종로구 우정국로 38-13(견지동, 1층)",
1018,종가집,"서울 종로구 인사동길 15-13, 1층(인사동)",
1019,풍남,서울 중구 수표로 50-1,
1020,청평매운탕,"서울시 중랑구 공릉로 46, 1층(묵동)",
1021,한성미용직업전문학원,서울 중랑구 망우로 277 (2~5층),
1022,대훈생고기,"경기 수원시 영통구 센트럴파크로127번길 26, 1층(이의동)",
1023,일미정육점,경기 평택시 탄현로346번길 33(지산동),
1024,무진장,경기 오산시 경기대로658번길 19(내삼미동),
1025,한주토피스,"경기 시흥시 공단1대로 253(정왕동, 한주토피스)",
1026,대왕기름집,경기 성남시 중원구 둔촌대로 83번길 9-1(성남동),
1027,서울기름집,경기 성남시 중원구 둔촌대로83번길 5(성남동),
1028,천안기름집,"경기 성남시 중원구 둔촌대로83번길 7, 1층(성남동)",
1029,문산순대국,"경기 고양시 일산서구 고양대로 667-5(일산동, 1층 일부)",
1030,통나무집,"경기 과천시 새술막길 38, 105호(중앙동, 중앙상가 1층)",
1031,제일황소,"경기 군포시 군포로534번길 16, 1층(당동)",
1032,장머리방,경기 안양시 만안구 안양로548번길 36(석수동),
1033,성진카정비,"경기 안산시 상록구 각골로 110(본오동, 1층)",
1034,정흥교 헤어샵,경기 남양주시 화도읍 마석로61번길 18-25,
1035,왈츠와닥터만,경기 남양주시 조안면 북한강로 856-37,
1036,고기돌담집,경기 용인시 수지구 이종무로 49번길 5(고기동),
1037,귀래정,경기 용인시 수지구 동천로 635(고기동),
1038,수도전기모터,경기 안성시 안성맞춤대로 979(도기동),
1039,제일농약사,경기 안성시 일죽면 주래본죽로 35-1,
1040,친절열쇠,"경기 안성시 낙원길 40, 1층(창전동)",
1041,하늘가든,인천 옹진군 영흥면 영흥로251번길 24,
1042,(주)제일레져,대구 동구 팔공로 535 (지묘동),
1043,W.코끼리안경콘택트렌즈,"경기 성남시 분당구 내정로166번길 7-6 (수내동), 파크타운대림아파트 코끼리상가 1층 1호, 12호",
1044,교학사,"경북 안동시 대안로 168-1 (남부동), 1층",
1045,금성기름집,"경기 성남시 중원구 둔촌대로69번길 8(성남동), 1층",
1046,용마루,경기 광주시 남한산성면 남한산성로780번길 35 (산성리),
1047,두꺼비집,경기 수원시 영통구 반달로 32 (영통동),
1048,서수원직업전문교육원,"경기 수원시 권선구 매송고색로 716 (고색동), 3층 일부, 5층, 6층 일부",
1049,신라갈비,경기 수원시 영통구 동수원로 538 (원천동),
1050,장수촌,"경기 용인시 수지구 동천로 631 (고기동), 1층",
1051,정미소 김치관,"경기 용인시 수지구 신봉1로 302 (신봉동), 1층",
1052,궁중삼계탕,"경기 안산시 상록구 석호공원로 69 (사동, 인우빌), 101호 ",
1053,마루솥뚜껑와인삼겹살,"경기 안산시 단원구 광덕대로 145 (고잔동, 강희그랜드빌) 205호 ",
1054,이천영양돌솥밥,경기 안산시 상록구 항가울로 7 (사동),
1055,대물림안성장터국밥,"경기 안성시 미양면 구례골길 170-17 (계륵리), 가동 1층",
1056,낮엔해처럼밤엔달처럼,"부산 사상구 가야대로 288 (주례동), 창조상가 102호",
1057,케익나라,"경기 평택시 지산동 755-8, 1층",
1058,덕성이발관,경기 남양주시 금곡동 430-40,
1059,박성구과자점,"경기 남양주시 금곡동 404-41, 1층",
1060,신내보리밥,"경기 양평군 개군면 공서울길 39 (공세리), 1층",
1061,옥천면옥,경기 양평군 옥천면 옥천길 13 (옥천리),
1062,㈜강계봉진막국수,"경기 여주시 대신면 천서리길 26 (천서리), 1층",
1063,대광기름집,"경기 성남시 중원구 둔촌대로83번길 7(성남동), 1층",
1064,빵뜨락,"인천 계양구 황어로115번길 10 (오류동), 신동아아파트 상가101호",
1065,초가숯불갈비,"인천 부평구 열우물로49번길 8 (십정동), 1~2층",
1066,김주희미용실,"광주 남구 수박등로 72 (월산동),  1층",
1067,백련옥,"광주 북구 용봉로 30 (신안동), 1층",
1068,언니네사진관,"광주 북구 서방로 4 (중흥동), 2층",
1069,백화서점,"제주 서귀포시 대정읍 하모상가로 39-2 (하모리), 1층",
1070,황토길,광주 동구 동명동 155-6,
1071,태능숯불갈비,전남 화순군 화순읍 만연로 22 (광덕리),
1072,한양팥죽,전남 화순군 화순읍 중앙로 36-2 (향청리),
1073,관광오리탕목포본점,"전남 목포시 호남로64번길 1 (호남동), 1층",
1074,제일사진관,"전남 무안군 무안읍 무안중앙로 23-1 (성남리), 1층",
1075,거목순대국밥,전남 순천시 장평로 50 (풍덕동),
1076,박구윤회관,전남 순천시 팔마2길 90 (연향동),
1077,박은수헤어리더,"전남 광양시 공영로 39 (중동), 호반리젠시빌상가 106호",
1078,순천복집,전남 순천시 팔마2길 26 (연향동),
1079,춘천명물닭갈비,전남 순천시 행중길 15 (행동),
1080,향토정,전남 순천시 남신월4길 13-26 (조례동),
1081,계화회관,전북 부안군 행안면 변산로 95 (신기리),
1082,빵굽는마을,"경기 안양시 동안구 관악대로 103 (비산동), 103에비뉴 107호",
1083,대우미용실,"제주 서귀포시 대정읍 신영로 105-2 (하모리), 1층",
1084,새댁식육점,대구 동구 아양로 53-9 (신암동),
1085,신세계제과점,"제주 서귀포시 대정읍 하모상가로 51 (하모리), 1층",
1086,중앙사진관,"제주 서귀포시 대정읍 신영로 109 (하모리), 1층 ",
1087,박터진흥부네,경북 경산시 와촌면 소월리 789-1,
1088,금오산길,경북 구미시 남통동 299,
1089,김태주선산곱창㈜,"경북 구미시 송원서로 77 (원평동), 1층",
1090,복터진집본점,"경북 구미시 인동북길 67 (인의동), 1층",
1091,평양아바이순대국밥,"경북 구미시 고아읍 들성로 61 (원호리), 2동 1층",
1092,서독안경원,전북 고창군 고창읍 중앙로 201 (읍내리),
1093,성모안경원,"서울 도봉구 도봉로 483 (쌍문동), 1층",
1094,신림참기름,"서울 관악구 신원로5길 35 (신림동), 신원시장내 B-23호",
1095,데일리호스브라운,대구 수성구 달구벌대로625길 9 (시지동),
1096,동해회집,대구 수성구 신매로16길 16-2 (신매동),
1097,서민갈비,대구 수성구 들안로 8-5 (두산동),
1098,옛맛집,대구 달서구 구마로14길 111 (본동),
1099,호성베이커리,대구 달성군 가창면 가창로 1102 (용계리),
1100,에덴공방,광주 동구 충장로46번길 8-33 (충장로5가),
1101,주왕산가든,"경북 청송군 주왕산면 주왕산로 508-9 (하의리), 2층",
1102,포항 금산삼계탕,경북 포항시 북구 중흥로 145 (죽도동),
1103,미세스고등어본점,경북 포항시 남구 정몽주로 873 (청림동),
1104,진주식당,경북 포항시 북구 송라면 중산리 539-30,
1105,팡페이장제과점,"경북 포항시 북구 대안길 69 (용흥동), 제일상가 가동 101호",
1106,한국관복어집,"경북 예천군 예천읍 군청길 42-4 (노하리), 1층",
1107,대들보함흥면옥,"대전 중구 계백로1583번길 39 (유천동), 1층",
1108,중국성,"대전 동구 대전로815번길 66 (정동), 1층",
1109,배영숙산야초밥상,충북 보은군 속리산면 법주사로 253 (사내리),
1110,새강변식당,충북 옥천군 군북면 성왕로 1564 (국원리),
1111,신궁전가든,충북 진천군 덕산읍 용몽2길 34 (용몽리),
1112,재두식당,경남 남해군 상주면 남해대로 918-13 (상주리),
1113,대가,경남 창원시 마산합포구 자산삼거리로 24 (자산동),
1114,마산족발,"경남 창원시 마산합포구 오동서1길 15 (중성동), 1층",
1115,복주집,경남 창녕군 남지읍 강변안길 10-1 (남지리),
1116,오복기름집,"경기 성남시 중원구 둔촌대로83번길 7-5(성남동), 1층",
1117,원조설렁탕,경남 통영시 항남5길 21 (항남동),
1118,원조꼬리곰집,"부산 동래구 온천장로 52 (온천동), 1층",
1119,남천낙지,"부산 수영구 남천동로9번길 31 (남천동), 1층",
1120,이덕숙고운한복,경남 창원시 성산구 가음로 64 (가음동),
1121,동해관,"강원 강릉시 율곡로 3020 (교동), 근로자복지회관 1층",
1122,보헤미안커피점,강원 강릉시 연곡면 홍질목길 55-11 (영진리),
1123,헤어플레이스에이청학점,"강원 속초시 중앙로 73 (청학동), 2층",
1124,황정숙본막국수,"강원 강릉시 종합운동장길 43 (교동), 1층",
1125,동막막국수,강원 삼척시 근덕면 문의재로 3777-12 (동막리),
1126,동해안횟집,강원 동해시 일출로 61 (묵호진동),
1127,문어랑새우횟집,강원 양양군 손양면 수산1길 43-1 (수산리),
1128,삼성이용샵,"강원 원주시 예술관길 13 (명륜동), 삼성아파트 상가동 201호",
1129,코쿤뷰티샵,강원 원주시 원일로115번길 11-1 (일산동),
1130,라모스,강원 춘천시 옛경춘로 835 (삼천동),
1131,이디오피아집(벳),"강원 춘천시 이디오피아길 7 (근화동), 1층",
1132,미로정,"서울 강남구 테헤란로33길 19 (역삼동), 2층",
1133,베이징덕,"서울 강남구 논현로 874 (신사동), 진성빌딩 1층",
1134,㈜현지축산,"서울 성동구 마장로35길 76 (마장동), 현대아파트 상가동 1층 105-1호",
1135,(주)첨지,"서울 관악구 남부순환로176길 18 (신림동), 2층",
1136,정정원헤어룩,"서울 강남구 선릉로116길 24 (삼성동), 스페이스빌딩 1층",
1137,능동아구탕,"서울 광진구 천호대로 544 (군자동), 1층",
1138,송가네감자탕,"서울 송파구 올림픽로35길 124 (신천동), 장미아파트 A상가 지하층 7-4, 7-3호",
1139,중앙보조기,"대구 중구 달구벌대로 2206 (대봉동), 중앙빌딩 5층",
1140,평택고추상회,"경기 오산시 오산로272번길 13 (오산동), 1층",
1141,JES미용예술직업전문학교,"서울 영등포구 경인로 829 (영등포동4가), 2,3,4층",
1142,쌍마스튜디오,"서울 영등포구 여의나루로 81 (여의도동), 한마루빌딩",
1143,홍농숯불갈비,서울 양천구 신월로15길 1 (신월동),
1144,용금옥,"서울 종로구 자하문로 41-2 (통인동), 1층",
1145,나래자동차정비,광주 서구 풍암중앙로86번길 3-12 (풍암동)1층,
1146,동명능이백숙,"강원 고성군 거진읍 자산천로 36 (반암리, 동명막국수)동명능이백숙",
1147,라르고경양식,경기 동두천시 삼육사로 1273 (광암동)1층,
1148,선유꽃도매,울산 남구 팔등로 10 (신정동)1층 선유꽃도매,
1149,백송짜글짜글,충북 청주시 흥덕구 옥산면 청주역로 635 (오산리)1층,
1150,새재할매집,경북 문경시 문경읍 새재로 922 (상초리)경북 문경시 문경읍 새재로922 새재할매집,
1151,진미집,충북 청주시 상당구 성내로118번길 21 (산성동)1층,
1152,가화한정식,"충북 청주시 청원구 내덕로 27 (내덕동, 가화한정식)1층",
1153,금부정,전남 여수시 충무4길 6-3 (충무동)1층,
1154,계곡가든,"전북 군산시 개정면 금강로 470 (아동리, 계곡가든).",
1155,강창장어,대구 달성군 하빈면 하목정길 62 (하산리)강창장어,
1156,국일불갈비,대구 중구 태평로 172 (태평로1가)국일불갈비,
1157,백양상회,"경기 고양시 덕양구 토당로78번길 7-16 (토당동), 1층",
1158,미인가,"부산 해운대구 센텀2로 10 (우동, 센텀메디컬센타)13층 미인가",
1159,만강홍,"강원 동해시 평원로 20 (천곡동, 만강홍)가,나동 1,2층",
1160,백수식육식당,"경북 예천군 예천읍 충효로 284 (남본리, 백수식육점·식당)백수식육식당",
1161,작크,"경남 양산시 양주3길 20 (중부동, 작크)작크",
1162,고향집칼국수.재바우,대구 동구 송라로 93 (신천동)고향집칼국수,
1163,전통국악기제작소,대구광역시 동구 방천로1길 2(불로동)코리아소리,
1164,우정공원,"경남 양산시 하북면 양산대로 2025-43 (용연리, 우정공원,(주)황토원)우정공원",
1165,왕십리 정부네 곱창,서울 성동구 홍익동 128-31층 정부네곱창,
1166,주식회사 호미화방,"서울 마포구 홍익로3길 20 (서교동, 서교오피스텔)1층",
1167,비원쏘가리,"충북 단양군 단양읍 삼봉로 179 (상진리, 비원 쏘가리).",
1168,산아래 ,충남 논산시 관촉로31번길 22-6 (관촉동)1층 산아래,
1169,뉴숯불바베큐,부산 금정구 금강로335번길 55 (장전동)1층,
1170,돌체,충남 논산시 관촉로3번길 13 (관촉동)충남 논산시 관촉로3번길13(관촉동),
1171,춘추원할매집,"경남 양산시 교동5길 3 (교동, 춘추원할매집)춘추원할매집",
1172,신림동 또순이 원조순대,"서울 관악구 신림로59길 14 (신림동, 민속순대타운)1층",
1173,김미애헤어콜렉션,울산 북구 상방로 94 (화봉동)화봉시장상가 138호,
1174,무수옥,서울 도봉구 도봉로165길 15 (도봉동)무수옥,
1175,새한농자재(주),부산 강서구 대저로 132-1 (대저1동).,
1176,김덕규 과자점,경남 김해시 삼정동 589-11층,
1177,고향밀면,경북 경주시 태종로791번길 7 (황오동)고향밀면,
1178,동해물회,부산 부산진구 부전동 142-52층 동해물회,
1179,송파사진관,"서울 송파구 송파대로 371 (석촌동)1층, 101호",
1180,대화만두,경북 경주시 노동동 86-3대화만두,
1181,송풍갈비,"경기 수원시 장안구 경수대로 1013 (송죽동, 송풍가든)송풍가든 ",
1182,부산 원조 꼼장어 맛집 성일집,부산 중구 대교로 103 (중앙동6가)79-4 성일집,
1183,광성유통,서울 동대문구 고산자로36길 30 (제기동)1층 광성유통 (볶는집),
1184,기러기칼국수,충남 예산군 오가면 윤봉길로 1854 (신석리)신분준할머니기러기칼국수,
1185,은혜본가,충북 충주시 빙현천변1길 21 (지현동)은혜본가,
1186,회초랑,경남 진주시 강남로 163-1 (칠암동)회초랑,
1187,진주집,서울 중구 남대문시장길 22-2 (남창동)서울 중구 남대문시장길 22-2 (남창동),
1188,마포숯불갈비,경남 김해시 구산동 284-8마포숯불갈비,
1189,운정식당,충북 충주시 중원대로 3432-1 (문화동)1층,
1190,신현종합검사정비공장,대구 달성군 유가읍 비슬로96길 37 (금리)신현종합검사정비공장,
1191,하야로비,"인천 계양구 역골로43번길 15 (다남동, 하야로비)하야로비",
1192,완산정,"경기 군포시 번영로 508 (금정동, 신산빌딩)107호 완산정",
1193,강미루,충남 서산시 양유정1로 3 (읍내동)(읍내동),
1194,새말토종순대,강원 횡성군 우천면 우항새말길 20-16 (우항리)새말토종순대,
1195,한국주방,제주특별자치도 제주시 노형로 278 (노형동)1층~2층,
1196,퀸 헤어,전남 여수시 종고산길 7 (덕충동)1층,
1197,일미정,대구 남구 중앙대로51길 38-1 (대명동)대명동,
1198,푸른회식당,대구 서구 달구벌대로375길 14-1 (내당동)내당동,
1199,오색막국수,강원 원주시 흥양로 92 (태장동)오색막국수,
1200,미당한우,충남 홍성군 홍성읍 홍덕서로 193 (월산리)(홍성읍),
1201,뚱보네돼지갈비,"부산 남구 용소로13번길 43 (대연동, 안단테 빌)안단테빌1층",
1202,영빈회관,전북 익산시 인북로3길 38 (중앙동1가)1층,
1203,광성추어탕,충북 제천시 독순로8길 4 (의림동)1층,
1204,권미현꽃예술원,경북 경주시 화랑로 61 (서부동)권미현꽃예술원,
1205,반야돌솥밥(본점),전북 전주시 완산구 홍산1길 6 (효자동2가)1층,
1206,궁중해물탕,"경기 안성시 양성면 만세로 673 (동항리, 궁중해물탕)궁중해물탕",
1207,주식회사 박가삼거리부대찌개,"경기 파주시 문산읍 문향로 103 (선유리, 삼거리식당)1층",
1208,너도나도식당 선유도본점,"서울특별시 영등포구 양평로 126(양평동5가), 신성빌딩 1층",
1209,태성당 장태호 명품 시계수리,"대구 동구 동부로 1 (신천동, 신천LH)101동 115호",
1210,비봉횟집,"충남 청양군 청양읍 중앙로5길 28 (읍내리, 에코빌2차)에코빌 1층 비봉횟집",
1211,전남식당,광주 광산구 광산로 66 (송정동)1층,
1212,금성식당,강원 원주시 중앙로 28 (인동)1층,
1213,명인 이상용 제빵소,경기 고양시 덕양구 토당동 864-31층,
1214,동양전자,대전 동구 대전로797번길 11 (중동)동양전자,
1215,안동회관,경북 안동시 태사길 71 (옥정동)1층 안동회관,
1216,히노야마,"서울 양천구 목동서로 349 (신정동, 센트럴프라자)119호",
1217,전주우족설렁탕,"전북 군산시 대학로 88 (금광동, 전주식당)",
1218,대남기공사,대전 대덕구 오정로 47 (오정동)대남기공사,
1219,명동닭한마리본점,서울 종로구 종로5가 265-81층,
1220,삼백집,전북 전주시 완산구 전주객사2길 22 (고사동)1층,
1221,플러스플라워,서울 강남구 남부순환로 2716 (도곡동)개포빌딩 1층(도곡동 411-7),
1222,민영,"인천 중구 연안부두로33번길 37 (항동7가, 인천종합어시장)13호,14호",
1223,은혜반찬2,대전 대덕구 중리로64번길 16 (중리동)1층,
1224,신포야채치킨,"인천 중구 우현로49번길 25 (신포동)1층, 2층",
1225,동원손칼국수,대전 서구 청사서로54번길 11 (월평동)1층,
1226,연경중식당짬뽕광주백년가게맛집,"광주 광산구 하남대로 87, 201호(하남동)",
1227,주부상회,서울 노원구 동일로180길 40 (공릉동)1층 주부상회,
1228,궁전제과,광주 동구 충장로 93-6 (충장로1가)궁전제과,
1229,진미집,"전북 전주시 완산구 전주천동로 94 (전동, 진미집)1층",
1230,금일옥,전북 전주시 완산구 전주객사3길 11-6 (고사동)금일옥,
1231,매봉식당,대전 대덕구 계족로664번길 113 (법동)1층,
1232,주식회사 김영모과자점,"서울 강남구 언주로30길 10 (도곡동, 현대비전21)현대비전21 1층",
1233,"류복순침구, 솜틀집","경북 안동시 풍천면 전서로 186-10 (하회리, 안동한지공예장체험관)1층 류복순침구",
1234,꽃피는농원한국생화랜드,광주 서구 하남대로 574 (동천동)굿모님꽃단지1호 한국생하랜드,
1235,토함산식당,경북 경주시 새골길 197 (하동)1층,
1236,바질리코레스토랑,대전 유성구 한밭대로313번길 10 (장대동)바질리코,
1237,한일상사,경기 부천시 수도로 104 (도당동)한일자동펌프,
1238,교대헤어매직,광주 동구 무등로375번길 24 (계림동)교대헤어매직,
1239,자연산형제횟집,대전 대덕구 중리로76번길 22 (중리동)1층,
1240,양희원예,대구 북구 칠성남로 164 (칠성동2가)대구꽃백화점 1층 양희원예,
1241,오륙하우스,경기 동두천시 상패로 210-9 (보산동)보산동,
1242,한일가든,"경기 고양시 덕양구 행주로 77 (행주내동, 한일가든)전체 ",
1243,호수식당,경기 동두천시 중앙로 312 (생연동)1층,
1244,왱이집,"전북 전주시 완산구 동문길 88 (경원동2가, 왱이집)1층",
1245,무궁화집,강원 원주시 중평길 59 (평원동)241-11,
1246,부일화원,부산 사상구 새벽로168번길 39 (감전동),
1247,동경초밥,"부산 서구 구덕로321번길 21 (서대신동2가), 남영빌딩 1층 ",
1248,밀양집,"부산 중구 중구로47번길 35 (부평동2가), 1~3층 ",
1249,해운대이름난암소갈비,"부산 해운대구 달맞이길 22 (중동), 2층 ",
1250,(주) 마당에모닥불하늘엔둥근달,대전 동구 산내로 321-35 (하소동),
1251,신설집,"세종 부강면 부강4길 15, 1층",
1252,몽마르뜨,"세종 조치원읍 조치원로 31 (원리), 지하 1층 ",
1253,동천칼국수,충북 증평군 증평읍 초중2길 3 (초중리),
1254,앞들식당,경남 사천시 사천읍 옥산로 75 (선인리),
1255,통영명가꿀빵,경남 통영시 통영해안로 337-1 (중앙동),
1256,3대 할매김밥,경남 통영시 통영해안로 327 (중앙동),
1257,갈매기 대도,경남 김해시 김해대로2371번길 12-12 (부원동),
1258,잰틀맨헤어,"경남 창원시 성산구 마디미로9번길 1 (상남동), 이지스타운 2층 201, 202호 ",
1259,박소야헤어,"경남 진주시 하대로 101 (하대동), 1층",
1260,프로방스베이커리,"울산 중구 유곡로 10 (우정동), 선경2차아파트",
1261,대일함흥냉면,"울산 중구 명정4길 13 (태화동), 1층 ",
1262,무주골,울산 중구 종가6길 32 KL빌딩 6층,
1263,가무댕댕,울산 남구 대학로94번길 11 (무거동),
1264,고운미용실,"울산 중구 학성로 95 (성남동), 1층 ",
1265,댕기미장원,"울산 남구 신정로116번길 12 (신정동), 2층",
1266,안골,"충남 천안시 동남구 먹거리2길 6-1 (신부동), 2층 ",
1267,숲속장어구이,충남 아산시 인주면 아산만로 1526 (문방리),
1268,새이학가든,충남 공주시 금강공원길 15-2 (금성동),
1269,반도회관,"충남 서산시 홍안벌로 136 (수석동), 1층 ",
1270,삼기꽃게장전문,충남 서산시 고운로 162 (동문동),
1271,신천개발,충남 아산시 온천대로 1469 (온천동),
1272,옛날중국집,서울 성북구 성북로8길 8(성북동),
1273,단골숯불갈비,서울 강동구 진황도로47길 61(길동),
1274,석교식당,"서울 서대문구 통일로 183-1, 1층(영천동)",
1275,도투리 샤브칼국수 불광천,"서울 은평구 증산로 303(증산동, 태광아파트 105호)",
1276,은주식당,서울 중구 창경궁로8길 32(주교동),
1277,마실,"서울 동작구 사당로 215, 117호,118호(사당동, 서림빌딩)",
1278,한우리외식산업㈜,서울 강남구 도산대로 304 (논현동),
1279,강남 원주 추어탕,서울 강남구 강남대로110길 6(역삼동),
1280,아실,"서울 강남구 봉은사로48길 44-17, 1층(역삼동)",
1281,(주)오금버드나무집,"서울 송파구 동남로 309, 1층(오금동)",
1282,삼우정,"서울 송파구 올림픽로 240(잠실동, 롯데백화점11층)",
1283,생곡막국수,"강원 홍천군 서석면 군두리길 310, 1층",
1284,청아플라워즈,강원 홍천군 홍천읍 진삼거리길 4,
1285,예미옥주식회사,"강원 춘천시 우묵들길 11(퇴계동)옛날맛해장국",
1286,아카데미안경원,강원 횡성군 횡성읍 횡성로 406,
1287,송죽원추어탕,강원 강릉시 난설헌로88번길 5(포남동),
1288,감자바우집,"강원 속초시 청초호반로 242, 1층(청학동)",
1289,방파제,부산 수영구 광안해변로294번길 24(민락동),
1290,광안리 신라횟집,"부산 수영구 민락수변로7번길 16, 2층~4층(민락동, 비치프라자)",
1291,이윤순 한복,"부산 수영구 구락로 157, 2층 이윤순한복(망미동, 우당재)",
1292,삼천포원조 삼학물회,경남 사천시 목섬길 9(서금동),
1293,야래향 ,"경남 진주시 평거로26번길 9, 1층(평거동)",
1294,산청흑돼지,경남 진주시 진주대로 1194(봉곡동),
1295,송기원 진주냉면본점,경남 진주시 모덕로47번길 1-2(상대동),
1296,개선스포츠,경남 창원시 마산회원구 율림교로 11(양덕동),
1297,대복참기름,울산 중구 병영로 12(남외동),
1298,(주)극광사,경북 포항시 북구 중흥로 291(죽도동),
1299,명궁약수가든,경북 청송군 진보면 경동로 5156,
1300,용궁순대,경북 예천군 용궁면 읍부리 171-4,
1301,금강옥,경북 안동시 강남1길 133-16(정하동),
1302,한양매운탕,경북 구미시 낙동강변로 694-4 (비산동),
1303,주식회사 석정한우마을,대구 달서구 조암남로 49(월성동),
1304,어향원,경북 경주시 화랑로 76-1 (서부동),
1305,소백인삼사,"경북 영주시 풍기읍 소백로 2115, 2층 건물 중 1층",
1306,국일생갈비,대구 중구 국채보상로 492(동산동),
1307,중화반점,"대구 중구 중앙대로 406-12(남일동, 92,95-3,96,97-1)",
1308,두부마을식당,경북  영주시 대학로 2(휴천동),
1309,육일만두,대구 수성구 달구벌대로492길 50(범어동),
1310,거제복집,경북 구미시 신시로16길 49(송정동),
1311,사랑이야기,경북 구미시 금오산로14길 2(원평동),
1312,한티불낙식당,대구 수성구 들안로 13(상동),
1313,장룡민물장어나라,경북 포항시 남구 희망대로 911(해도동),
1314,오리산성,경북 구미시 박정희로 320-5 (광평동),
1315,석송가든,경북 안동시 제비원로 539-23 (이천동),
1316,가매,광주 서구 상무대로 1104-26 (농성동),
1317,아쿠아헤어,"광주 남구 서문대로622번길 7, 상가동 111-1호(진월동)",
1318,하남낙지마당,광주 광산구 사암로216번길 10-15(우산동),
1319,형제송정,광주 광산구 광산로29번길 3(송정동),
1320,바밀제과,전남 담양군 담양읍 중앙로 54,
1321,달빛뜨락,전남 담양군 봉산면 한수동로 155,
1322,제주뚝배기,제주 서귀포시 성산읍 일출로 255,
1323,예원,전남 구례군 마산면 화엄사로 381,
1324,신화정,"전남 순천시 구암길 26(연향동, １층)",
1325,중앙미용학원,"전남 여수시 선소로 106, 3층 (신기동)",
1326,유니코안경원,"제주 제주시 삼무로 15, 101동 102호(연동, 연동태홍누리안3차아파트)",
1327,라복임플로체,전북 군산시 우체통거리1길 12-1(신창동),
1328,해용집,전북 남원시 요천로 2263 (식정동),
1329,성전사카센타,전북 전주시 덕진구 권삼득로 216 (금암동),
1330,엄마손김치찌개,전북 전주시 완산구 중화산로 3(효자동1가),
1331,신덕식당,전북 고창군 아산면 선운사로 8,
1332,가마솥곰탕,경기 평택시 안중읍 안중로117번길 5 ,
1333,평택주물럭,경기 평택시 평택1로9번길 52(평택동),
1334,연합쌀상회,"경기 성남시 중원구 둔촌대로83번길 7(성남동, 상가2호)",
1335,(주)대광통상,"경기 성남시 수정구 복정로84번길 23, 103호(복정동)",
1336,이조칼국수,"경기 안산시 단원구 선부광장1로 124, 1층 17,18호(선부동)",
1337,보광정,경기 양평군 옥천면 용천로149번길 27,
1338,주식회사 창진산장휴게소,경기 안성시 양성면 만세로 859,
1339,황주식당,"경기 동두천시 생연로 140, 1.2층(생연동)",
1340,종화네 돌솥 추어탕,"경기 고양시 덕양구 유산길 50, 2동 1층(내유동)",
1341,태능숯불갈비,경기 고양시 덕양구 용현로53번길 17(행신동),
1342,보미진 콩이랑 두부랑,"경기 시흥시 하우로 66, 1층(대야동)",
1343,금강수퍼마켓,경기 부천시 길주로363번길 64 (춘의동),
1344,명동칼국수,"경기 시흥시 중심상가2길 22(정왕동, 금정프라자 202호)",
1345,실비집,경기 동두천시 어수로 91 (생연동),
1346,고양체육사,경기 고양시 일산서구 일청로 14(일산동),
1347,누렁이한우종가,경기 광명시 오리로964번길 21(광명동),
1348,화정맛집민쿡다시마,"경기 고양시 덕양구 화신로260번길 37, 110호 (화정동, 진솔그린프라자)",
1349,타향골,대전 중구 중교로 7-17(대흥동),
1350,신라복집, 대전 서구 한밭대로707번길 30(월평동),
1351,번암반점,세종 조치원읍 허만석로 13-5,
1352,육거리소문난만두,충북 청주시 상당구 상당로5번길 11(석교동),
1353,팔도강산,충남 보령시 대해로 893 (신흑동),
1354,원진노기순청국장,충남 공주시 백미고을길 6(금성동),
1355,대일식당,충남 청양군 남양면 구용길 334,
1356,농가의 빵집,"충남 청양군 청양읍 중앙로 140, 1층",
1357,듀팡과자점,"충남 천안시 서북구 늘푸른5길 22, 102호(두정동, 골드프라자)",
1358,현대마린개발 주식회사,"인천 중구 연안부두로 36 (항동7가, 연안부두해양광장) 해양광장 전망대1층",
1359,차애전할매칼국수,부산광역시 연제구 과정로191번가길 70 (연산동) 차애전 할매칼국수,
1360,오동동 아구할매집,경상남도 창원시 마산합포구 아구찜길 13 (동성동) 1층,
1361,중앙식당 동곡점,광주광역시 광산구 동곡로 151-36 (하산동) 1층(하산동),
1362,함열상회,충청남도 논산시 강경읍 계백로153번길 35 27-10,
1363,상운암 전주식당,전라북도 임실군 운암면 임운로 1875-4 1층,
1364,송강민물매운탕,"경남 양산시 용암길 17-8 (삼호동, 송강민물매운탕) 2층",
1365,창익집,서울특별시 용산구 후암로23길 6 (후암동) 1층,
1366,노라노패션학원,서울특별시 종로구 종로 393-1 노라노패션학원 4층,
1367,(주)광신푸드모아,광주광역시 서구 양동시장1길 16 (양동) 광신푸드모아,
1368,한길문고 나운점,전북특별자치도 군산시 하나운로 38 (나운동) 2층 한길문고,
1369,염주명가,광주 서구 화정동 336-5 1층염주명가,
1370,강경젓갈상회.금강식품,충청남도 논산시 강경읍 계백로153번길 27 강경젓갈상회 금강식품,
1371,오대양물산,경상남도 창원시 마산합포구 어시장7길 84 (남성동) 오대양물산,
1372,청남삼겹살,충청북도 청주시 상당구 영운로 43 영운동163-9,
1373,안성서점(행복한책가게),경기도 안성시 안성맞춤대로 1082 (연지동) 안성서점(행복한책가게),
1374,농업회사법인 조은플라워(주),경기도 김포시 양촌읍 대명항로 46 이레가든빌리지,
1375,대신참기름,경상북도 포항시 북구 대신로26번길 11-4 (대신동) 영일대북부시장내 대신참기름,
1376,부산이용원,경상남도 진주시 가좌길64번길 12-1 (가좌동) 1층,
1377,광명안양대교식당,경기도 광명시 시청로 29 1층  광명안양대교식당,
1378,중앙식당,충청북도 진천군 이월면 진광로 796 중앙,
1379,백마강식당,충청남도 부여군 규암면 진변로 11 11,
1380,식도락게장,전북특별자치도 부안군 진서면 청자로 1008 1층 식도락게장,
1381,안흥수산,충청남도 태안군 근흥면 신진부두길 66 안흥수산,
1382,동양장,경기도 평택시 오성면 숙성시장길 46-1 동양장식당,
1383,중앙횟집,전라남도 목포시 번화로 44-1 중앙횟집,
1384,포시즌플라워,경상남도 창원시 성산구 외동반림로 136 (중앙동) 중앙동 8-4 1층,
1385,현대미용학원,광주광역시 서구 경열로 32-1 2층 (농성동),
1386,풍미각,전라북도 김제시 남북10길 74 풍미각,
1387,해원,제주특별자치도 제주시 서해안로 687-6 (용담이동) 해원,
1388,대복상회,충청남도 논산시 강경읍 옥녀봉로19번길 34 대복상회,
1389,황강장어,경상북도 구미시 구미중앙로43길 15 황강장어,
1390,내가본미용실,광주 동구 계림로 5-1 (동명동) 내가본미용실,
1391,모꼬지에,서울특별시 송파구 송파대로36길 5-13 (송파동) 모꼬지에,
1392,신제주보말칼국수 주식회사,제주특별자치도 제주시 선덕로5길 19 (연동) 신제주보말칼국수 제주본점,
1393,88꽃화훼유통,"경상남도 창원시 성산구 비음로4번길 14 1층, 지하",
1394,고흥상회,경기도 동두천시 중앙로285번길 7-10 (생연동) 중앙시장  고흥상회,
1395,강촌막국수,강원특별자치도 춘천시 남산면 강촌로 62-1 강촌막국수,
1396,송원식당,"인천광역시 중구 연안부두로 16 , 59호 (항동7가)",
1397,정원집,부산광역시 수영구 수영로666번길 17 2층,
1398,송화한정식,경상남도 진주시 도동천로 82 1층송화한정식,
1399,상하이,경상남도 진주시 동진로 28 (칠암동) 1층,
1400,손스튜디오119사진병원,인천광역시 남동구 논고개로123번길 35 (논현동) 에이동 5층 505호 손스튜디오 119사진병원,
1401,대유수산(어부의그물질),서울특별시 중구 을지로32길 24 (오장동) 제3공구 208호 1층 대유수산,
1402,통도요,경상남도 양산시 하북면 평산마을길 14-21 통도요,
1403,사랑이야기 천안점,충남 천안시 동남구 천안천6길 59-4 (신부동),
1404,한보내장건설,서울특별시 송파구 중대로 197 (가락동) 삼석빌딩 1층 한보,
1405,태창유통,전라남도 목포시 행복동 1가 5 (행복동1가),
1406,복어명가 임진강,대구광역시 북구 노원로10길 132 (노원동2가) 복어명가 임진강,
1407,소랑 주식회사,인천광역시 강화군 화도면 해안남로 1696 동막리242-2,
